episode_reward_max,episode_reward_min,episode_reward_mean,episode_len_mean,episodes_this_iter,timesteps_this_iter,done,timesteps_total,episodes_total,training_iteration,experiment_id,date,timestamp,time_this_iter_s,time_total_s,pid,hostname,node_ip,time_since_restore,timesteps_since_restore,iterations_since_restore,num_healthy_workers,trial_id,experiment_tag,info/num_steps_trained,info/num_steps_sampled,info/sample_time_ms,info/load_time_ms,info/grad_time_ms,info/update_time_ms,perf/cpu_util_percent,perf/ram_util_percent,info/learner/avProbe/cur_kl_coeff,info/learner/avProbe/cur_lr,info/learner/avProbe/total_loss,info/learner/avProbe/policy_loss,info/learner/avProbe/vf_loss,info/learner/avProbe/vf_explained_var,info/learner/avProbe/kl,info/learner/avProbe/entropy,info/learner/avProbe/entropy_coeff
nan,nan,nan,nan,0,4000,False,4000,0,1,2dcd34d4f71a4f9a8717755113320812,2023-05-19_16-14-47,1684527287,25.29116725921631,25.29116725921631,4122,HR1,10.49.0.104,25.29116725921631,4000,1,20,b815bb28,0,19968,4000,21198.689,73.998,3259.255,667.398,36.964864864864865,18.93513513513514,0.20000000298023224,4.999999873689376e-05,59949076.0,-0.00082644704,59949076.0,1.8128218e-05,0.00056516513,1.4173309,0.0
nan,nan,nan,nan,0,4000,False,8000,0,2,2dcd34d4f71a4f9a8717755113320812,2023-05-19_16-15-17,1684527317,29.579331159591675,54.87049841880798,4122,HR1,10.49.0.104,54.87049841880798,8000,2,20,b815bb28,0,39936,8000,23781.906,41.244,3213.534,338.24,38.74761904761905,19.180952380952384,0.10000000149011612,4.999999873689376e-05,145764380.0,-0.00022389587,145764380.0,2.0283536e-05,1.8707156e-05,1.4156922,0.0
nan,nan,nan,nan,0,4000,False,12000,0,3,2dcd34d4f71a4f9a8717755113320812,2023-05-19_16-15-57,1684527357,40.31339693069458,95.18389534950256,4122,HR1,10.49.0.104,95.18389534950256,12000,3,20,b815bb28,0,59904,12000,28292.481,29.948,3126.862,228.937,42.30689655172414,19.412068965517243,0.05000000074505806,4.999999873689376e-05,398592830.0,-0.00034268925,398592830.0,-4.7156445e-06,0.00023199222,1.4023187,0.0
nan,nan,nan,nan,0,4000,False,16000,0,4,2dcd34d4f71a4f9a8717755113320812,2023-05-19_16-16-46,1684527406,48.748021841049194,143.93191719055176,4122,HR1,10.49.0.104,143.93191719055176,16000,4,20,b815bb28,0,79616,16000,32675.819,24.588,3065.579,173.825,41.34202898550724,19.5,0.02500000037252903,4.999999873689376e-05,305170050.0,-4.6713787e-05,305170050.0,1.446535e-05,4.0994523e-06,1.3971608,0.0
-1108502.411477957,-2185251.7481666417,-1590631.0813494048,1000.0,20,4000,False,20000,20,5,2dcd34d4f71a4f9a8717755113320812,2023-05-19_16-17-44,1684527464,58.66744112968445,202.5993583202362,4122,HR1,10.49.0.104,202.5993583202362,20000,5,20,b815bb28,0,96128,20000,37380.335,20.729,2938.331,140.167,41.680952380952384,19.463095238095246,0.012500000186264515,4.999999873689376e-05,172318500.0,-2.3552902e-05,172318500.0,1.2469846e-05,9.519123e-05,1.4041637,0.0
-1108502.411477957,-2185251.7481666417,-1590631.0813494048,1000.0,0,4000,False,24000,20,6,2dcd34d4f71a4f9a8717755113320812,2023-05-19_16-18-02,1684527482,17.30397915840149,219.9033374786377,4122,HR1,10.49.0.104,219.9033374786377,24000,6,20,b815bb28,0,116096,24000,33509.718,18.486,2966.799,117.684,38.38,19.516,0.0062500000931322575,4.999999873689376e-05,66331492.0,-0.0013973034,66331492.0,0.00015984208,0.0013930908,1.3996744,0.0
-1108502.411477957,-2185251.7481666417,-1590631.0813494048,1000.0,0,4000,False,28000,20,7,2dcd34d4f71a4f9a8717755113320812,2023-05-19_16-18-31,1684527511,29.662055492401123,249.56539297103882,4122,HR1,10.49.0.104,249.56539297103882,28000,7,20,b815bb28,0,136064,28000,32466.475,17.094,3030.504,102.148,40.030952380952385,19.602380952380955,0.0031250000465661287,4.999999873689376e-05,199418660.0,7.7594166e-05,199418660.0,7.719375e-05,2.9245457e-05,1.3969073,0.0
-1108502.411477957,-2185251.7481666417,-1590631.0813494048,1000.0,0,4000,False,32000,20,8,2dcd34d4f71a4f9a8717755113320812,2023-05-19_16-19-11,1684527551,39.43863010406494,289.00402307510376,4122,HR1,10.49.0.104,289.00402307510376,32000,8,20,b815bb28,0,156032,32000,32949.013,15.858,3035.986,90.109,40.62321428571429,16.998214285714283,0.0015625000232830644,4.999999873689376e-05,376229400.0,-0.00030529423,376229400.0,-3.4066347e-06,0.0009695849,1.3675721,0.0
-1108502.411477957,-2185251.7481666417,-1590631.0813494048,1000.0,0,4000,False,36000,20,9,2dcd34d4f71a4f9a8717755113320812,2023-05-19_16-19-59,1684527599,48.21398997306824,337.218013048172,4122,HR1,10.49.0.104,337.218013048172,36000,9,20,b815bb28,0,174976,36000,34326.731,14.803,3011.828,80.818,41.35217391304347,16.568115942028978,0.0007812500116415322,4.999999873689376e-05,351085380.0,0.00016152028,351085380.0,3.8006016e-05,8.84671e-05,1.3669193,0.0
-1087719.132888852,-2185251.7481666417,-1533905.8547788835,1000.0,20,4000,False,40000,40,10,2dcd34d4f71a4f9a8717755113320812,2023-05-19_16-20-56,1684527656,56.99100875854492,394.2090218067169,4122,HR1,10.49.0.104,394.2090218067169,40000,10,20,b815bb28,0,185728,40000,36410.07,13.926,2889.461,73.631,43.07901234567901,16.65555555555556,0.0003906250058207661,4.999999873689376e-05,105337130.0,-0.0015661035,105337130.0,5.7410627e-05,0.0006429513,1.3454107,0.0
-1087719.132888852,-2185251.7481666417,-1533905.8547788835,1000.0,0,4000,False,44000,40,11,2dcd34d4f71a4f9a8717755113320812,2023-05-19_16-21-14,1684527674,17.45500159263611,411.664023399353,4122,HR1,10.49.0.104,411.664023399353,44000,11,20,b815bb28,0,205696,44000,35728.935,7.442,2866.125,7.603,40.328,16.808,0.00019531250291038305,4.999999873689376e-05,44025900.0,-0.0019529507,44025900.0,0.000535806,0.0029932528,1.3255241,0.0
-602794.2752686357,-2185251.7481666417,-1511195.8162542433,984.9512195121952,1,4000,False,48000,41,12,2dcd34d4f71a4f9a8717755113320812,2023-05-19_16-21-45,1684527705,31.393844604492188,443.0578680038452,4122,HR1,10.49.0.104,443.0578680038452,48000,12,20,b815bb28,0,225664,48000,35910.135,7.465,2866.412,7.328,40.94444444444444,16.891111111111105,9.765625145519152e-05,4.999999873689376e-05,162945440.0,-0.0007794041,162945440.0,0.000129203,0.0005802774,1.3447219,0.0
-602794.2752686357,-2185251.7481666417,-1511195.8162542435,984.9512195121952,0,4000,False,52000,41,13,2dcd34d4f71a4f9a8717755113320812,2023-05-19_16-22-26,1684527746,40.632858991622925,483.69072699546814,4122,HR1,10.49.0.104,483.69072699546814,52000,13,20,b815bb28,0,245632,52000,35934.1,7.311,2874.471,7.224,40.63620689655172,16.900000000000002,4.882812572759576e-05,4.999999873689376e-05,285715420.0,-0.0005967052,285715420.0,3.002393e-05,0.0005374156,1.3624576,0.0
-602794.2752686357,-2185251.7481666417,-1511195.8162542435,984.9512195121952,0,4000,False,56000,41,14,2dcd34d4f71a4f9a8717755113320812,2023-05-19_16-23-14,1684527794,48.73095202445984,532.421679019928,4122,HR1,10.49.0.104,532.421679019928,56000,14,20,b815bb28,0,260864,56000,35964.619,6.978,2842.206,6.89,41.83,17.05857142857143,2.441406286379788e-05,4.999999873689376e-05,121353630.0,0.00010706869,121353630.0,0.00010133441,4.729803e-05,1.3657285,0.0
-552466.3482263021,-2185251.7481666417,-1362434.9557858915,989.7166666666667,19,4006,False,60006,60,15,2dcd34d4f71a4f9a8717755113320812,2023-05-19_16-24-08,1684527848,53.70000720024109,586.1216862201691,4122,HR1,10.49.0.104,586.1216862201691,60006,15,20,b815bb28,0,262784,60006,35681.651,6.679,2628.319,7.209,44.84605263157894,17.00263157894737,1.220703143189894e-05,4.999999873689376e-05,69653720.0,0.0068356325,69653720.0,0.00012883345,1.2240124e-05,1.367478,0.0
-552466.3482263021,-2185251.7481666417,-1362434.9557858917,989.7166666666667,0,4000,False,64006,60,16,2dcd34d4f71a4f9a8717755113320812,2023-05-19_16-24-52,1684527892,43.98534870147705,630.1070349216461,4122,HR1,10.49.0.104,630.1070349216461,64006,16,20,b815bb28,0,282368,64006,38358.481,6.498,2619.437,7.622,17.893650793650792,16.946031746031753,6.10351571594947e-06,4.999999873689376e-05,52988196.0,-0.0011284527,52988200.0,0.00061967986,0.0011021663,1.3563706,0.0
-552466.3482263021,-2185251.7481666417,-1351259.0320588453,989.8852459016393,1,4000,False,68006,61,17,2dcd34d4f71a4f9a8717755113320812,2023-05-19_16-25-40,1684527940,47.386468172073364,677.4935030937195,4122,HR1,10.49.0.104,677.4935030937195,68006,17,20,b815bb28,0,301440,68006,40177.238,6.233,2572.966,7.704,26.580882352941174,16.901470588235302,3.051757857974735e-06,4.999999873689376e-05,190252900.0,5.4080215e-06,190252900.0,0.000136045,3.9687216e-05,1.3594401,0.0
-368281.26630329585,-2185251.7481666417,-1335404.5519660136,980.6290322580645,1,4000,False,72006,62,18,2dcd34d4f71a4f9a8717755113320812,2023-05-19_16-26-20,1684527980,40.0814106464386,717.5749137401581,4122,HR1,10.49.0.104,717.5749137401581,72006,18,20,b815bb28,0,321408,72006,40222.932,6.164,2590.349,7.922,38.743859649122804,16.900000000000002,1.5258789289873675e-06,4.999999873689376e-05,245387500.0,-0.00049366173,245387500.0,3.7304482e-05,4.3414693e-05,1.3660772,0.0
-368281.26630329585,-2185251.7481666417,-1335404.5519660139,980.6290322580645,0,4000,False,76006,62,19,2dcd34d4f71a4f9a8717755113320812,2023-05-19_16-27-07,1684528027,47.24751830101013,764.8224320411682,4122,HR1,10.49.0.104,764.8224320411682,76006,19,20,b815bb28,0,336128,76006,40166.462,5.91,2550.747,7.901,40.03823529411765,16.957352941176477,7.629394644936838e-07,4.999999873689376e-05,145996780.0,0.00012873148,145996780.0,8.3320556e-05,0.00029585054,1.3806409,0.0
-368281.26630329585,-2185251.7481666417,-1270938.8027246546,984.9875,18,4005,False,80011,80,20,2dcd34d4f71a4f9a8717755113320812,2023-05-19_16-28-00,1684528080,52.777406454086304,817.5998384952545,4122,HR1,10.49.0.104,817.5998384952545,80011,20,20,b815bb28,0,338688,80011,39884.083,5.614,2412.987,8.004,40.796,16.902666666666672,3.814697322468419e-07,4.999999873689376e-05,170026340.0,0.0010494742,170026340.0,4.197657e-05,5.2748037e-05,1.3904713,0.0
-368281.26630329585,-2185251.7481666417,-1270938.8027246546,984.9875,0,4000,False,84011,80,21,2dcd34d4f71a4f9a8717755113320812,2023-05-19_16-28-44,1684528124,43.813591718673706,861.4134302139282,4122,HR1,10.49.0.104,861.4134302139282,84011,21,20,b815bb28,0,358016,84011,42485.51,5.618,2448.177,7.788,18.633870967741938,16.900000000000002,1.9073486612342094e-07,4.999999873689376e-05,30457082.0,-0.0009902398,30457082.0,0.0010939485,0.0008957666,1.3817866,0.0
-368281.26630329585,-2185251.7481666417,-1268458.5789399496,985.1728395061729,1,4000,False,88011,81,22,2dcd34d4f71a4f9a8717755113320812,2023-05-19_16-29-31,1684528171,47.47602939605713,908.8894596099854,4122,HR1,10.49.0.104,908.8894596099854,88011,22,20,b815bb28,0,376064,88011,44127.8,5.429,2413.79,8.049,26.516176470588235,16.900000000000006,9.536743306171047e-08,4.999999873689376e-05,99704860.0,-0.00024060551,99704860.0,0.00015871195,0.000811968,1.3587898,0.0
-368281.26630329585,-2185251.7481666417,-1260401.8503559427,985.3536585365854,1,4000,False,92011,82,23,2dcd34d4f71a4f9a8717755113320812,2023-05-19_16-30-10,1684528210,39.23057436943054,948.1200339794159,4122,HR1,10.49.0.104,948.1200339794159,92011,23,20,b815bb28,0,395904,92011,43962.795,5.733,2438.166,7.948,38.17678571428571,16.900000000000002,4.7683716530855236e-08,4.999999873689376e-05,159969120.0,-0.00059369166,159969120.0,3.0491814e-05,0.0014447824,1.3243563,0.0
-368281.26630329585,-2185251.7481666417,-1260401.8503559425,985.3536585365854,0,4000,False,96011,82,24,2dcd34d4f71a4f9a8717755113320812,2023-05-19_16-30-58,1684528258,47.22602295875549,995.3460569381714,4122,HR1,10.49.0.104,995.3460569381714,96011,24,20,b815bb28,0,409472,96011,43850.081,5.944,2400.67,7.97,39.1970588235294,16.900000000000006,2.3841858265427618e-08,4.999999873689376e-05,61563476.0,-0.00079462974,61563476.0,8.3844614e-05,6.317651e-05,1.3194447,0.0
-368281.26630329585,-2185251.7481666417,-1177848.1553315509,987.99,18,4008,False,100019,100,25,2dcd34d4f71a4f9a8717755113320812,2023-05-19_16-31-50,1684528310,52.59995937347412,1047.9460163116455,4122,HR1,10.49.0.104,1047.9460163116455,100019,25,20,b815bb28,0,412160,100019,43726.816,5.997,2415.084,7.667,40.346666666666664,16.878666666666668,1.1920929132713809e-08,4.999999873689376e-05,116904790.0,-0.0031262364,116904790.0,-1.1557624e-05,9.362171e-05,1.3236911,0.0
-368281.26630329585,-2185251.7481666417,-1177848.1553315509,987.99,0,4000,False,104019,100,26,2dcd34d4f71a4f9a8717755113320812,2023-05-19_16-32-34,1684528354,43.50997853279114,1091.4559948444366,4122,HR1,10.49.0.104,1091.4559948444366,104019,26,20,b815bb28,0,431232,104019,43650.554,6.291,2443.88,7.509,18.669354838709676,16.900000000000002,5.9604645663569045e-09,4.999999873689376e-05,30150552.0,0.00068680814,30150552.0,0.0012896473,0.00071482523,1.3069537,0.0
-368281.26630329585,-2185251.7481666417,-1153074.407943845,987.99,2,4016,False,108035,102,27,2dcd34d4f71a4f9a8717755113320812,2023-05-19_16-33-27,1684528407,53.159937620162964,1144.6159324645996,4122,HR1,10.49.0.104,1144.6159324645996,108035,27,20,b815bb28,0,449280,108035,44204.304,6.207,2468.207,7.131,24.59736842105263,16.900000000000006,2.9802322831784522e-09,4.999999873689376e-05,107766490.0,-0.00021434993,107766490.0,8.290499e-05,0.00069989177,1.2844788,0.0
-368281.26630329585,-2185251.7481666417,-1153074.407943845,987.99,0,4000,False,112035,102,28,2dcd34d4f71a4f9a8717755113320812,2023-05-19_16-34-06,1684528446,39.28319263458252,1183.8991250991821,4122,HR1,10.49.0.104,1183.8991250991821,112035,28,20,b815bb28,0,469248,112035,44133.373,6.492,2459.188,7.225,37.978571428571435,16.900000000000002,1.4901161415892261e-09,4.999999873689376e-05,233023860.0,-0.0006146512,233023890.0,2.1830201e-05,0.0006293167,1.3043714,0.0
-368281.26630329585,-2185251.7481666417,-1153074.407943845,987.99,0,4000,False,116035,102,29,2dcd34d4f71a4f9a8717755113320812,2023-05-19_16-34-53,1684528493,46.784345388412476,1230.6834704875946,4122,HR1,10.49.0.104,1230.6834704875946,116035,29,20,b815bb28,0,481024,116035,44144.699,6.901,2401.946,7.169,39.87272727272727,16.900000000000006,7.450580707946131e-10,4.999999873689376e-05,81346860.0,-0.00040468946,81346860.0,4.8557053e-05,0.0003070754,1.312741,0.0
-368281.26630329585,-1948867.7833517103,-1028898.9203361445,987.99,18,4000,False,120035,120,30,2dcd34d4f71a4f9a8717755113320812,2023-05-19_16-35-44,1684528544,51.14789533615112,1281.8313658237457,4122,HR1,10.49.0.104,1281.8313658237457,120035,30,20,b815bb28,0,483328,120035,43986.818,6.836,2396.951,6.896,41.27397260273972,16.88219178082192,3.7252903539730653e-10,4.999999873689376e-05,86404216.0,0.0026011735,86404216.0,7.073747e-05,3.3897013e-05,1.3205184,0.0
-368281.26630329585,-1948867.7833517103,-1028898.9203361445,987.99,0,4000,False,124035,120,31,2dcd34d4f71a4f9a8717755113320812,2023-05-19_16-36-27,1684528587,42.06411123275757,1323.8954770565033,4122,HR1,10.49.0.104,1323.8954770565033,124035,31,20,b815bb28,0,502144,124035,43867.513,6.717,2340.583,7.102,18.83666666666667,16.9,1.8626451769865326e-10,4.999999873689376e-05,30138678.0,-0.00083455705,30138678.0,0.0015396569,0.0015828948,1.2976707,0.0
-368281.26630329585,-1948867.7833517103,-1015293.5741717543,987.99,2,4000,False,128035,122,32,2dcd34d4f71a4f9a8717755113320812,2023-05-19_16-37-16,1684528636,49.70449948310852,1373.5999765396118,4122,HR1,10.49.0.104,1373.5999765396118,128035,32,20,b815bb28,0,520192,128035,44076.299,6.763,2354.795,6.782,25.677464788732397,16.90000000000001,9.313225884932663e-11,4.999999873689376e-05,127182170.0,-0.0005547246,127182170.0,5.629342e-05,0.00091960235,1.2648132,0.0
-368281.26630329585,-1948867.7833517103,-1015293.5741717543,987.99,0,4000,False,132035,122,33,2dcd34d4f71a4f9a8717755113320812,2023-05-19_16-37-56,1684528676,39.394766092300415,1412.9947426319122,4122,HR1,10.49.0.104,1412.9947426319122,132035,33,20,b815bb28,0,540160,132035,44080.136,6.66,2367.547,6.461,37.873684210526314,16.910526315789475,4.6566129424663316e-11,4.999999873689376e-05,238176290.0,-0.00018282923,238176290.0,1.7507336e-05,0.0003262415,1.2776884,0.0
-368281.26630329585,-1948867.7833517103,-1015293.5741717543,987.99,0,4000,False,136035,122,34,2dcd34d4f71a4f9a8717755113320812,2023-05-19_16-38-44,1684528724,47.8492317199707,1460.843974351883,4122,HR1,10.49.0.104,1460.843974351883,136035,34,20,b815bb28,0,551040,136035,44182.135,6.588,2327.776,6.468,39.779411764705884,17.016176470588235,2.3283064712331658e-11,4.999999873689376e-05,59918950.0,0.00040158298,59918950.0,4.594957e-05,0.00020052536,1.2632575,0.0
-368281.26630329585,-1891371.663532543,-896569.939477666,987.99,18,4000,False,140035,140,35,2dcd34d4f71a4f9a8717755113320812,2023-05-19_16-39-35,1684528775,51.58472990989685,1512.4287042617798,4122,HR1,10.49.0.104,1512.4287042617798,140035,35,20,b815bb28,0,553088,140035,44092.15,6.683,2315.529,6.439,42.20684931506849,16.982191780821914,1.1641532356165829e-11,4.999999873689376e-05,197915440.0,0.00017419131,197915440.0,2.637133e-05,3.531779e-05,1.2594337,0.0
-368281.26630329585,-1891371.663532543,-896569.939477666,987.99,0,4000,False,144035,140,36,2dcd34d4f71a4f9a8717755113320812,2023-05-19_16-40-18,1684528818,42.36161828041077,1554.7903225421906,4122,HR1,10.49.0.104,1554.7903225421906,144035,36,20,b815bb28,0,571904,144035,44006.257,6.441,2286.45,6.26,20.363934426229505,17.091803278688523,5.8207661780829145e-12,4.999999873689376e-05,21551306.0,-0.00022800789,21551306.0,0.0020975138,0.00043892785,1.2563263,0.0
-368281.26630329585,-1891371.663532543,-887906.7760591964,994.16,2,4000,False,148035,142,37,2dcd34d4f71a4f9a8717755113320812,2023-05-19_16-41-07,1684528867,48.91031622886658,1603.7006387710571,4122,HR1,10.49.0.104,1603.7006387710571,148035,37,20,b815bb28,0,589952,148035,43630.307,6.582,2237.15,6.313,26.05,17.034285714285716,2.9103830890414573e-12,4.999999873689376e-05,79990710.0,-0.0010736944,79990710.0,7.106311e-05,6.639128e-05,1.2572087,0.0
-368281.26630329585,-1891371.663532543,-887906.7760591964,994.16,0,4000,False,152035,142,38,2dcd34d4f71a4f9a8717755113320812,2023-05-19_16-41-46,1684528906,39.60693573951721,1643.3075745105743,4122,HR1,10.49.0.104,1643.3075745105743,152035,38,20,b815bb28,0,609920,152035,43683.11,6.55,2217.586,5.979,40.61071428571428,17.110714285714288,1.4551915445207286e-12,4.999999873689376e-05,166992560.0,7.2888935e-05,166992560.0,2.2001755e-05,2.4293597e-05,1.2531884,0.0
-368281.26630329585,-1891371.663532543,-887906.7760591964,994.16,0,4000,False,156035,142,39,2dcd34d4f71a4f9a8717755113320812,2023-05-19_16-42-33,1684528953,46.9334352016449,1690.2410097122192,4122,HR1,10.49.0.104,1690.2410097122192,156035,39,20,b815bb28,0,621056,156035,43718.307,6.437,2196.752,5.96,42.13880597014926,17.156716417910452,7.275957722603643e-13,4.999999873689376e-05,61442620.0,-0.0007423313,61442620.0,3.6190297e-05,0.00069424347,1.2353934,0.0
-368281.26630329585,-1891371.663532543,-836010.761465641,994.16,18,4000,False,160035,160,40,2dcd34d4f71a4f9a8717755113320812,2023-05-19_16-43-25,1684529005,51.81603002548218,1742.0570397377014,4122,HR1,10.49.0.104,1742.0570397377014,160035,40,20,b815bb28,0,623104,160035,43788.99,6.46,2192.163,6.068,41.498648648648654,17.139189189189185,3.6379788613018216e-13,4.999999873689376e-05,312297200.0,-0.003979281,312297200.0,9.201467e-06,7.392408e-05,1.2298999,0.0
-368281.26630329585,-1891371.663532543,-836010.7614656406,994.16,0,4000,False,164035,160,41,2dcd34d4f71a4f9a8717755113320812,2023-05-19_16-44-07,1684529047,42.35680150985718,1784.4138412475586,4122,HR1,10.49.0.104,1784.4138412475586,164035,41,20,b815bb28,0,641920,164035,43819.758,6.422,2190.046,6.303,19.45409836065574,17.016393442622952,1.8189894306509108e-13,4.999999873689376e-05,16144280.0,0.00073074567,16144280.0,0.0028154347,0.00033883075,1.2372403,0.0
-385797.00967624946,-1891371.663532543,-844295.9441143489,1000.0,2,4000,False,168035,162,42,2dcd34d4f71a4f9a8717755113320812,2023-05-19_16-44-57,1684529097,49.34876561164856,1833.7626068592072,4122,HR1,10.49.0.104,1833.7626068592072,168035,42,20,b815bb28,0,659968,168035,43813.847,6.201,2161.281,6.288,26.087142857142858,17.0,9.094947153254554e-14,4.999999873689376e-05,65948280.0,-0.0015219834,65948280.0,4.7646092e-05,0.0024654346,1.2195671,0.0
-385797.00967624946,-1891371.663532543,-844295.9441143492,1000.0,0,4000,False,172035,162,43,2dcd34d4f71a4f9a8717755113320812,2023-05-19_16-45-35,1684529135,38.67384696006775,1872.436453819275,4122,HR1,10.49.0.104,1872.436453819275,172035,43,20,b815bb28,0,679936,172035,43769.712,5.937,2134.671,6.345,38.52909090909092,17.0,4.547473576627277e-14,4.999999873689376e-05,281583460.0,-0.0009435427,281583460.0,1.303202e-05,0.0013186809,1.2507544,0.0
-385797.00967624946,-1891371.663532543,-844295.9441143492,1000.0,0,4000,False,176035,162,44,2dcd34d4f71a4f9a8717755113320812,2023-05-19_16-46-21,1684529181,45.232959508895874,1917.6694133281708,4122,HR1,10.49.0.104,1917.6694133281708,176035,44,20,b815bb28,0,690176,176035,43524.068,5.734,2118.93,6.339,40.32769230769231,17.06923076923077,2.2737367883136385e-14,4.999999873689376e-05,40880544.0,-0.0014941279,40880548.0,2.924949e-05,0.000101308964,1.2509348,0.0
-385797.00967624946,-1326646.79488403,-791228.6834238155,1000.0,18,4000,False,180035,180,45,2dcd34d4f71a4f9a8717755113320812,2023-05-19_16-47-12,1684529232,50.79507279396057,1968.4644861221313,4122,HR1,10.49.0.104,1968.4644861221313,180035,45,20,b815bb28,0,692224,180035,43445.727,5.557,2118.117,6.758,41.57083333333334,17.068055555555556,1.1368683941568192e-14,4.999999873689376e-05,88502620.0,0.002654301,88502620.0,2.2087246e-05,8.3388615e-05,1.2500507,0.0
-385797.00967624946,-1326646.79488403,-791228.6834238154,1000.0,0,4000,False,184035,180,46,2dcd34d4f71a4f9a8717755113320812,2023-05-19_16-47-54,1684529274,42.83880400657654,2011.3032901287079,4122,HR1,10.49.0.104,2011.3032901287079,184035,46,20,b815bb28,0,710912,184035,43501.611,5.796,2109.344,6.872,20.538709677419355,17.074193548387097,5.684341970784096e-15,4.999999873689376e-05,24371982.0,8.321176e-05,24371984.0,0.002004611,0.00022565096,1.2403485,0.0
-385797.00967624946,-1326646.79488403,-787231.9867723505,1000.0,2,4000,False,188035,182,47,2dcd34d4f71a4f9a8717755113320812,2023-05-19_16-48-45,1684529325,50.190590143203735,2061.4938802719116,4122,HR1,10.49.0.104,2061.4938802719116,188035,47,20,b815bb28,0,728960,188035,43620.465,6.179,2117.658,7.116,27.387323943661976,17.31971830985916,2.842170985392048e-15,4.999999873689376e-05,99811870.0,-0.00035778998,99811870.0,3.2659118e-05,0.0014154413,1.2118628,0.0
-385797.00967624946,-1326646.79488403,-787231.9867723506,1000.0,0,4000,False,192035,182,48,2dcd34d4f71a4f9a8717755113320812,2023-05-19_16-49-24,1684529364,39.21945238113403,2100.7133326530457,4122,HR1,10.49.0.104,2100.7133326530457,192035,48,20,b815bb28,0,748928,192035,43540.129,5.877,2158.58,7.408,38.771428571428565,17.33214285714286,1.421085492696024e-15,4.999999873689376e-05,228416850.0,-0.00068826915,228416850.0,7.591186e-06,0.00027736975,1.202085,0.0
-385797.00967624946,-1326646.79488403,-787231.9867723506,1000.0,0,4000,False,196035,182,49,2dcd34d4f71a4f9a8717755113320812,2023-05-19_16-50-10,1684529410,46.04903268814087,2146.7623653411865,4122,HR1,10.49.0.104,2146.7623653411865,196035,49,20,b815bb28,0,758912,196035,43469.025,5.577,2142.21,7.484,41.804545454545455,17.233333333333334,7.10542746348012e-16,4.999999873689376e-05,72347540.0,-0.00015895165,72347540.0,1.0883196e-05,5.8573237e-06,1.1989042,0.0
-385797.00967624946,-1326646.79488403,-784680.225061307,1000.0,18,4000,False,200035,200,50,2dcd34d4f71a4f9a8717755113320812,2023-05-19_16-51-01,1684529461,50.942546129226685,2197.704911470413,4122,HR1,10.49.0.104,2197.704911470413,200035,50,20,b815bb28,0,760960,200035,43381.413,5.701,2142.49,7.604,41.83698630136987,17.21917808219178,3.55271373174006e-16,4.999999873689376e-05,181264580.0,0.002753295,181264580.0,8.203089e-06,4.3465465e-05,1.2056706,0.0
-385797.00967624946,-1326646.79488403,-784680.2250613066,1000.0,0,4000,False,204035,200,51,2dcd34d4f71a4f9a8717755113320812,2023-05-19_16-51-43,1684529503,41.974979877471924,2239.679891347885,4122,HR1,10.49.0.104,2239.679891347885,204035,51,20,b815bb28,0,779648,204035,43347.194,5.81,2138.964,7.336,19.54,17.1,1.77635686587003e-16,4.999999873689376e-05,20394668.0,-0.0017923756,20394668.0,0.0023320094,0.0020842217,1.1870791,0.0
-385797.00967624946,-1326646.79488403,-783082.0823522708,1000.0,2,4000,False,208035,202,52,2dcd34d4f71a4f9a8717755113320812,2023-05-19_16-52-34,1684529554,50.63503408432007,2290.314925432205,4122,HR1,10.49.0.104,2290.314925432205,208035,52,20,b815bb28,0,797696,208035,43451.855,6.156,2162.301,7.532,26.977777777777778,17.22361111111111,8.88178432935015e-17,4.999999873689376e-05,84716216.0,-0.0012006453,84716216.0,2.0652375e-05,0.0008435354,1.1668285,0.0
-385797.00967624946,-1326646.79488403,-783082.0823522706,1000.0,0,4000,False,212035,202,53,2dcd34d4f71a4f9a8717755113320812,2023-05-19_16-53-14,1684529594,39.84946608543396,2330.164391517639,4122,HR1,10.49.0.104,2330.164391517639,212035,53,20,b815bb28,0,817664,212035,43555.538,6.547,2175.548,7.935,41.37017543859648,17.380701754385964,4.440892164675075e-17,4.999999873689376e-05,198304770.0,-0.00033989205,198304770.0,8.589946e-06,0.00036909047,1.1497165,0.0
-385797.00967624946,-1326646.79488403,-783082.0823522706,1000.0,0,4000,False,216035,202,54,2dcd34d4f71a4f9a8717755113320812,2023-05-19_16-54-00,1684529640,46.163113832473755,2376.327505350113,4122,HR1,10.49.0.104,2376.327505350113,216035,54,20,b815bb28,0,827264,216035,43669.895,6.758,2154.393,8.537,42.7939393939394,17.46969696969697,2.2204460823375376e-17,4.999999873689376e-05,65663310.0,-0.0009724661,65663310.0,7.843177e-06,0.0010955738,1.1341553,0.0
-291437.02870821685,-1463465.668737636,-751348.8585144378,1000.0,18,4000,False,220035,220,55,2dcd34d4f71a4f9a8717755113320812,2023-05-19_16-54-52,1684529692,51.991947174072266,2428.319452524185,4122,HR1,10.49.0.104,2428.319452524185,220035,55,20,b815bb28,0,829312,220035,43789.936,6.912,2154.517,8.294,42.505405405405405,17.544594594594592,1.1102230411687688e-17,4.999999873689376e-05,227465120.0,0.00095457304,227465120.0,4.7050416e-06,5.0599017e-05,1.136666,0.0
-291437.02870821685,-1463465.668737636,-751348.8585144382,1000.0,0,4000,False,224035,220,56,2dcd34d4f71a4f9a8717755113320812,2023-05-19_16-55-36,1684529736,44.3260338306427,2472.645486354828,4122,HR1,10.49.0.104,2472.645486354828,224035,56,20,b815bb28,0,848512,224035,43947.818,6.98,2145.685,8.133,22.30476190476191,17.788888888888884,5.551115205843844e-18,4.999999873689376e-05,15852517.0,-0.001116476,15852517.0,0.0026207964,0.001514708,1.1063069,0.0
-103518.20167809652,-1463465.668737636,-743643.5665732392,992.91,3,4000,False,228035,223,57,2dcd34d4f71a4f9a8717755113320812,2023-05-19_16-56-26,1684529786,49.5373215675354,2522.1828079223633,4122,HR1,10.49.0.104,2522.1828079223633,228035,57,20,b815bb28,0,866560,228035,43893.111,6.63,2135.038,8.136,26.828169014084512,17.522535211267606,2.775557602921922e-18,4.999999873689376e-05,73681144.0,-0.0001936669,73681144.0,2.3511708e-05,0.00054426526,1.1161228,0.0
-103518.20167809652,-1463465.668737636,-743643.5665732389,992.91,0,4000,False,232035,223,58,2dcd34d4f71a4f9a8717755113320812,2023-05-19_16-57-05,1684529825,39.45297193527222,2561.6357798576355,4122,HR1,10.49.0.104,2561.6357798576355,232035,58,20,b815bb28,0,886528,232035,43933.896,6.753,2118.416,8.238,38.44285714285714,17.53035714285714,1.387778801460961e-18,4.999999873689376e-05,176855550.0,-0.00015256305,176855550.0,3.307179e-05,0.00026287875,1.097413,0.0
-103518.20167809652,-1463465.668737636,-743643.5665732389,992.91,0,4000,False,236035,223,59,2dcd34d4f71a4f9a8717755113320812,2023-05-19_16-57-51,1684529871,45.64910864830017,2607.2848885059357,4122,HR1,10.49.0.104,2607.2848885059357,236035,59,20,b815bb28,0,896512,236035,43875.049,6.83,2136.649,8.29,40.36,17.56923076923077,6.938894007304805e-19,4.999999873689376e-05,44156056.0,-0.0008165917,44156056.0,9.541328e-06,0.0007461301,1.1118128,0.0
-103518.20167809652,-1463465.668737636,-711551.1938354048,992.91,17,4000,False,240035,240,60,2dcd34d4f71a4f9a8717755113320812,2023-05-19_16-58-42,1684529922,51.48355007171631,2658.768438577652,4122,HR1,10.49.0.104,2658.768438577652,240035,60,20,b815bb28,0,899328,240035,43920.41,6.732,2145.603,8.23,40.31351351351351,17.394594594594597,3.4694470036524025e-19,4.999999873689376e-05,171432030.0,0.0029208024,171432030.0,8.176674e-06,0.00015086122,1.1044189,0.0
-103518.20167809652,-1463465.668737636,-711431.7233315867,992.91,1,4091,False,244126,241,61,2dcd34d4f71a4f9a8717755113320812,2023-05-19_16-59-47,1684529987,64.3446877002716,2723.1131262779236,4122,HR1,10.49.0.104,2723.1131262779236,244126,61,20,b815bb28,0,916992,244126,46173.727,6.402,2129.975,8.315,14.765217391304349,17.400000000000006,1.7347235018262012e-19,4.999999873689376e-05,15987013.0,-0.00064134726,15987013.0,0.0030176523,0.0002047708,1.1225933,0.0
-103518.20167809652,-1463465.668737636,-707916.5988044888,992.91,2,4000,False,248126,243,62,2dcd34d4f71a4f9a8717755113320812,2023-05-19_17-00-36,1684530036,49.06766128540039,2772.180787563324,4122,HR1,10.49.0.104,2772.180787563324,248126,62,20,b815bb28,0,935040,248126,46042.815,6.308,2105.245,8.19,25.40714285714286,17.40000000000001,8.673617509131006e-20,4.999999873689376e-05,67782600.0,0.00013731219,67782600.0,2.766205e-05,0.00026671795,1.1024358,0.0
-103518.20167809652,-1463465.668737636,-707916.5988044887,992.91,0,4000,False,252126,243,63,2dcd34d4f71a4f9a8717755113320812,2023-05-19_17-01-15,1684530075,38.973164558410645,2811.1539521217346,4122,HR1,10.49.0.104,2811.1539521217346,252126,63,20,b815bb28,0,955008,252126,45973.484,6.329,2086.449,8.029,37.84181818181818,17.4,4.336808754565503e-20,4.999999873689376e-05,225301140.0,-0.00020926197,225301140.0,2.4272464e-05,0.0013751945,1.069972,0.0
-103518.20167809652,-1463465.668737636,-707916.5988044887,992.91,0,4000,False,256126,243,64,2dcd34d4f71a4f9a8717755113320812,2023-05-19_17-02-00,1684530120,45.51656532287598,2856.6705174446106,4122,HR1,10.49.0.104,2856.6705174446106,256126,64,20,b815bb28,0,965120,256126,45899.75,6.183,2095.404,7.676,39.65692307692307,17.44153846153846,2.1684043772827515e-20,4.999999873689376e-05,90437700.0,-0.00020891447,90437700.0,4.0953673e-06,5.9979066e-05,1.0736241,0.0
-103518.20167809652,-1463465.668737636,-705429.5910010794,992.91,17,4000,False,260126,260,65,2dcd34d4f71a4f9a8717755113320812,2023-05-19_17-02-52,1684530172,51.285186529159546,2907.95570397377,4122,HR1,10.49.0.104,2907.95570397377,260126,65,20,b815bb28,0,967552,260126,45823.602,6.098,2101.77,7.664,40.5013698630137,17.465753424657535,1.0842021886413758e-20,4.999999873689376e-05,219519360.0,-0.00029412814,219519360.0,5.979287e-06,0.00020287365,1.0736765,0.0
-103518.20167809652,-1463465.668737636,-703148.5270995114,992.91,1,4000,False,264126,261,66,2dcd34d4f71a4f9a8717755113320812,2023-05-19_17-03-39,1684530219,47.08510994911194,2955.040813922882,4122,HR1,10.49.0.104,2955.040813922882,264126,66,20,b815bb28,0,985216,264126,46114.566,5.991,2086.91,8.081,18.66617647058823,17.400000000000006,5.421010943206879e-21,4.999999873689376e-05,12044791.0,-0.00043815374,12044791.0,0.0037503878,0.0004727185,1.1021894,0.0
-103518.20167809652,-1463465.668737636,-700368.0137127605,992.91,2,4000,False,268126,263,67,2dcd34d4f71a4f9a8717755113320812,2023-05-19_17-04-28,1684530268,49.06924033164978,3004.110054254532,4122,HR1,10.49.0.104,3004.110054254532,268126,67,20,b815bb28,0,1003264,268126,46050.934,5.832,2105.7,7.71,25.704285714285714,17.40000000000001,2.7105054716034394e-21,4.999999873689376e-05,48069416.0,-0.00013244405,48069416.0,4.431415e-05,0.00018325512,1.1118666,0.0
-103518.20167809652,-1463465.668737636,-700368.0137127604,992.91,0,4000,False,272126,263,68,2dcd34d4f71a4f9a8717755113320812,2023-05-19_17-05-07,1684530307,38.68883919715881,3042.7988934516907,4122,HR1,10.49.0.104,3042.7988934516907,272126,68,20,b815bb28,0,1023232,272126,45956.615,6.063,2123.042,7.311,37.85454545454545,17.42181818181818,1.3552527358017197e-21,4.999999873689376e-05,161073920.0,9.587517e-05,161073920.0,7.910568e-05,0.000824386,1.1363275,0.0
-103518.20167809652,-1463465.668737636,-700368.0137127604,992.91,0,4000,False,276126,263,69,2dcd34d4f71a4f9a8717755113320812,2023-05-19_17-05-52,1684530352,45.03165245056152,3087.830545902252,4122,HR1,10.49.0.104,3087.830545902252,276126,69,20,b815bb28,0,1033472,276126,45909.858,6.208,2108.939,7.169,40.34218750000001,17.490625,6.776263679008599e-22,4.999999873689376e-05,47830044.0,-0.0013748698,47830050.0,6.6228213e-06,0.0018837427,1.1155512,0.0
-103518.20167809652,-1463465.668737636,-671064.6685019463,992.28,17,4000,False,280126,280,70,2dcd34d4f71a4f9a8717755113320812,2023-05-19_17-06-43,1684530403,51.29542636871338,3139.1259722709656,4122,HR1,10.49.0.104,3139.1259722709656,280126,70,20,b815bb28,0,1036672,280126,45884.199,6.206,2116.09,7.037,40.26575342465753,17.46986301369863,3.3881318395042993e-22,4.999999873689376e-05,114319690.0,-5.0923525e-05,114319690.0,9.1433525e-05,0.00014223138,1.1184914,0.0
-26688.47756919742,-1463465.668737636,-665480.856014527,983.02,2,4000,False,284126,282,71,2dcd34d4f71a4f9a8717755113320812,2023-05-19_17-07-32,1684530452,48.505314111709595,3187.631286382675,4122,HR1,10.49.0.104,3187.631286382675,284126,71,20,b815bb28,0,1054208,284126,44279.167,6.21,2136.942,7.127,18.288405797101454,17.40000000000001,1.6940659197521496e-22,4.999999873689376e-05,30444962.0,-0.0010861293,30444962.0,0.0020737508,0.0004836788,1.1060132,0.0
-26688.47756919742,-1463465.668737636,-661088.894234299,983.02,2,4000,False,288126,284,72,2dcd34d4f71a4f9a8717755113320812,2023-05-19_17-08-20,1684530500,48.431551933288574,3236.0628383159637,4122,HR1,10.49.0.104,3236.0628383159637,288126,72,20,b815bb28,0,1072256,288126,44212.067,6.263,2139.816,7.352,25.310000000000002,17.414285714285725,8.470329598760748e-23,4.999999873689376e-05,55647610.0,0.00041377163,55647610.0,0.000107581734,6.0001745e-05,1.0928626,0.0
-26688.47756919742,-1463465.668737636,-661088.8942342988,983.02,0,4000,False,292126,284,73,2dcd34d4f71a4f9a8717755113320812,2023-05-19_17-09-01,1684530541,40.776379346847534,3276.8392176628113,4122,HR1,10.49.0.104,3276.8392176628113,292126,73,20,b815bb28,0,1092224,292126,44356.244,6.286,2175.504,7.433,35.97241379310345,17.45344827586207,4.235164799380374e-23,4.999999873689376e-05,145779400.0,-0.00093651057,145779400.0,5.8593658e-05,0.0019655137,1.073865,0.0
-26688.47756919742,-1463465.668737636,-661088.8942342988,983.02,0,4000,False,296126,284,74,2dcd34d4f71a4f9a8717755113320812,2023-05-19_17-09-48,1684530588,46.67125105857849,3323.5104687213898,4122,HR1,10.49.0.104,3323.5104687213898,296126,74,20,b815bb28,0,1102720,296126,44465.687,6.368,2181.442,7.621,39.28484848484849,17.5,2.117582399690187e-23,4.999999873689376e-05,55615700.0,-0.00033126422,55615700.0,3.241257e-05,0.00020434764,1.0866417,0.0
-26688.47756919742,-1745900.4219749456,-629871.9002582983,983.02,17,4074,False,300200,301,75,2dcd34d4f71a4f9a8717755113320812,2023-05-19_17-10-52,1684530652,64.22174024581909,3387.732208967209,4122,HR1,10.49.0.104,3387.732208967209,300200,75,20,b815bb28,0,1105664,300200,45750.446,6.395,2189.483,7.759,33.23478260869565,17.459782608695658,1.0587911998450935e-23,4.999999873689376e-05,23559454.0,-0.00056543184,23559454.0,0.00062411244,0.00024241373,1.09804,0.0
-26688.47756919742,-1745900.4219749456,-630264.5746911861,983.02,1,4000,False,304200,302,76,2dcd34d4f71a4f9a8717755113320812,2023-05-19_17-11-40,1684530700,47.93416500091553,3435.6663739681244,4122,HR1,10.49.0.104,3435.6663739681244,304200,76,20,b815bb28,0,1123328,304200,45843.279,6.208,2182.457,7.454,18.69411764705882,17.400000000000006,5.293955999225468e-24,4.999999873689376e-05,27128654.0,-0.0011001626,27128654.0,0.0036341876,0.00010359633,1.105873,0.0
-26688.47756919742,-1745900.4219749456,-628466.8830548817,983.02,2,4000,False,308200,304,77,2dcd34d4f71a4f9a8717755113320812,2023-05-19_17-12-29,1684530749,48.851162910461426,3484.517536878586,4122,HR1,10.49.0.104,3484.517536878586,308200,77,20,b815bb28,0,1141376,308200,45839.488,6.342,2163.153,7.424,25.654285714285713,17.44428571428572,2.646977999612734e-24,4.999999873689376e-05,97171350.0,-0.0008795553,97171350.0,0.0005096176,0.00067374407,1.0874298,0.0
-26688.47756919742,-1745900.4219749456,-628466.8830548816,983.02,0,4000,False,312200,304,78,2dcd34d4f71a4f9a8717755113320812,2023-05-19_17-13-09,1684530789,40.70648980140686,3525.2240266799927,4122,HR1,10.49.0.104,3525.2240266799927,312200,78,20,b815bb28,0,1161344,312200,46087.387,6.017,2117.852,7.951,36.30000000000001,17.49137931034483,1.323488999806367e-24,4.999999873689376e-05,172392600.0,-0.0006433756,172392600.0,0.00010193426,0.0013768869,1.1097283,0.0
-26688.47756919742,-1745900.4219749456,-628466.8830548816,983.02,0,4000,False,316200,304,79,2dcd34d4f71a4f9a8717755113320812,2023-05-19_17-13-56,1684530836,46.2091908454895,3571.433217525482,4122,HR1,10.49.0.104,3571.433217525482,316200,79,20,b815bb28,0,1171072,316200,46212.465,5.821,2109.299,7.911,39.4030303030303,17.45,6.617444999031835e-25,4.999999873689376e-05,123738300.0,0.0001694164,123738300.0,6.340052e-06,0.0002461532,1.1076949,0.0
-26688.47756919742,-1745900.4219749456,-619847.6185017406,983.02,17,4000,False,320200,321,80,2dcd34d4f71a4f9a8717755113320812,2023-05-19_17-14-48,1684530888,52.72116422653198,3624.154381752014,4122,HR1,10.49.0.104,3624.154381752014,320200,80,20,b815bb28,0,1173888,320200,46361.261,6.124,2103.016,7.934,39.48533333333334,17.175999999999995,3.3087224995159173e-25,4.999999873689376e-05,139531540.0,0.0008243537,139531540.0,0.00012825835,9.669943e-06,1.1065387,0.0
-26688.47756919742,-1745900.4219749456,-624942.7574418096,990.11,1,4000,False,324200,322,81,2dcd34d4f71a4f9a8717755113320812,2023-05-19_17-15-36,1684530936,47.9033477306366,3672.0577294826508,4122,HR1,10.49.0.104,3672.0577294826508,324200,81,20,b815bb28,0,1191552,324200,46317.822,6.21,2085.941,8.034,18.594202898550726,17.155072463768114,1.6543612497579586e-25,4.999999873689376e-05,15869355.0,-0.00020775749,15869355.0,0.005162681,0.0006012734,1.0894687,0.0
-26688.47756919742,-1745900.4219749456,-626478.9766282757,990.11,2,4000,False,328200,324,82,2dcd34d4f71a4f9a8717755113320812,2023-05-19_17-16-26,1684530986,49.278560638427734,3721.3362901210785,4122,HR1,10.49.0.104,3721.3362901210785,328200,82,20,b815bb28,0,1209600,328200,46395.419,6.214,2092.433,8.235,25.44857142857143,17.19285714285715,8.271806248789793e-26,4.999999873689376e-05,79328340.0,-6.737354e-05,79328340.0,0.00049449026,0.0012024252,1.119287,0.0
-26688.47756919742,-1745900.4219749456,-626478.9766282757,990.11,0,4000,False,332200,324,83,2dcd34d4f71a4f9a8717755113320812,2023-05-19_17-17-07,1684531027,40.966614961624146,3762.3029050827026,4122,HR1,10.49.0.104,3762.3029050827026,332200,83,20,b815bb28,0,1229568,332200,46455.507,5.87,2052.131,8.319,35.58305084745763,17.200000000000003,4.1359031243948966e-26,4.999999873689376e-05,247215840.0,-0.00028757943,247215840.0,9.60269e-05,0.0017514684,1.1433529,0.0
-26688.47756919742,-1745900.4219749456,-626478.9766282757,990.11,0,4000,False,336200,324,84,2dcd34d4f71a4f9a8717755113320812,2023-05-19_17-17-52,1684531072,44.99451446533203,3807.2974195480347,4122,HR1,10.49.0.104,3807.2974195480347,336200,84,20,b815bb28,0,1238784,336200,46307.243,5.785,2032.476,7.995,40.326562499999994,17.2,2.0679515621974483e-26,4.999999873689376e-05,47246732.0,-0.0011976274,47246732.0,1.0348856e-05,0.00040069837,1.156802,0.0
-26688.47756919742,-1745900.4219749456,-635034.0475616812,990.11,17,4000,False,340200,341,85,2dcd34d4f71a4f9a8717755113320812,2023-05-19_17-18-44,1684531124,52.36663842201233,3859.664057970047,4122,HR1,10.49.0.104,3859.664057970047,340200,85,20,b815bb28,0,1241472,340200,45126.472,5.832,2027.958,7.776,42.184000000000005,17.32,1.0339757810987241e-26,4.999999873689376e-05,28712198.0,-0.00012283454,28712202.0,0.0005642942,0.00026303274,1.1570127,0.0
-26688.47756919742,-1745900.4219749456,-632873.1990339573,990.11,1,4000,False,344200,342,86,2dcd34d4f71a4f9a8717755113320812,2023-05-19_17-19-32,1684531172,48.216830015182495,3907.8808879852295,4122,HR1,10.49.0.104,3907.8808879852295,344200,86,20,b815bb28,0,1259264,344200,45116.861,6.055,2065.026,7.871,18.623529411764704,17.200000000000003,5.169878905493621e-27,4.999999873689376e-05,12814570.0,-0.0006797687,12814570.0,0.006546942,0.00092540437,1.1414524,0.0
-26688.47756919742,-1745900.4219749456,-619062.2403341123,977.4,4,4000,False,348200,346,87,2dcd34d4f71a4f9a8717755113320812,2023-05-19_17-20-22,1684531222,49.66018009185791,3957.5410680770874,4122,HR1,10.49.0.104,3957.5410680770874,348200,87,20,b815bb28,0,1277312,348200,45182.11,6.147,2080.178,8.154,26.470422535211263,17.360563380281697,2.5849394527468104e-27,4.999999873689376e-05,62692736.0,0.00043039088,62692736.0,0.0006491652,0.00025526792,1.1397338,0.0
-26688.47756919742,-1745900.4219749456,-619062.2403341124,977.4,0,4000,False,352200,346,88,2dcd34d4f71a4f9a8717755113320812,2023-05-19_17-21-02,1684531262,40.26138758659363,3997.802455663681,4122,HR1,10.49.0.104,3997.802455663681,352200,88,20,b815bb28,0,1297280,352200,45123.07,6.349,2094.843,7.959,34.337931034482764,17.379310344827584,1.2924697263734052e-27,4.999999873689376e-05,138497200.0,-0.00092728017,138497200.0,0.00035164907,0.0015142071,1.1088568,0.0
-26688.47756919742,-1745900.4219749456,-619062.2403341124,977.4,0,4000,False,356200,346,89,2dcd34d4f71a4f9a8717755113320812,2023-05-19_17-21-47,1684531307,44.84249687194824,4042.6449525356293,4122,HR1,10.49.0.104,4042.6449525356293,356200,89,20,b815bb28,0,1307904,356200,44971.124,6.429,2110.673,8.26,39.35,17.3046875,6.462348631867026e-28,4.999999873689376e-05,51479988.0,-0.0009180471,51479988.0,1.1777303e-05,0.00068901724,1.0804586,0.0
-26688.47756919742,-1745900.4219749456,-602804.2771566785,977.4,15,4000,False,360200,361,90,2dcd34d4f71a4f9a8717755113320812,2023-05-19_17-22-38,1684531358,50.745527505874634,4093.390480041504,4122,HR1,10.49.0.104,4093.390480041504,360200,90,20,b815bb28,0,1312640,360200,44744.023,6.172,2140.324,8.074,39.9375,17.28472222222222,3.231174315933513e-28,4.999999873689376e-05,165224900.0,0.0006943334,165224900.0,0.00012538723,6.927179e-05,1.0719664,0.0
-26688.47756919742,-1745900.4219749456,-602120.9640915494,977.4,1,4000,False,364200,362,91,2dcd34d4f71a4f9a8717755113320812,2023-05-19_17-23-26,1684531406,48.206337451934814,4141.596817493439,4122,HR1,10.49.0.104,4141.596817493439,364200,91,20,b815bb28,0,1328768,364200,44797.769,6.258,2117.101,7.695,21.402898550724636,17.315942028985507,1.6155871579667565e-28,4.999999873689376e-05,13767041.0,0.0002952265,13767042.0,0.0062716138,0.00019476342,1.0885823,0.0
-26688.47756919742,-1745900.4219749456,-606361.0106003837,977.4,4,4000,False,368200,366,92,2dcd34d4f71a4f9a8717755113320812,2023-05-19_17-24-16,1684531456,50.109375,4191.706192493439,4122,HR1,10.49.0.104,4191.706192493439,368200,92,20,b815bb28,0,1345152,368200,44915.443,6.11,2083.031,7.436,27.633802816901408,17.36197183098592,8.077935789833782e-29,4.999999873689376e-05,63443280.0,0.00037148502,63443280.0,0.00031272555,0.0003367763,1.0823829,0.0
-26688.47756919742,-1745900.4219749456,-606428.4240080643,972.21,1,4000,False,372200,367,93,2dcd34d4f71a4f9a8717755113320812,2023-05-19_17-24-57,1684531497,40.61945295333862,4232.325645446777,4122,HR1,10.49.0.104,4232.325645446777,372200,93,20,b815bb28,0,1365120,372200,44886.945,6.412,2076.293,7.304,35.25344827586207,17.444827586206895,4.038967894916891e-29,4.999999873689376e-05,156630060.0,5.427614e-05,156630060.0,0.0003423026,0.00012898802,1.0828812,0.0
-26688.47756919742,-1745900.4219749456,-606428.4240080643,972.21,0,4000,False,376200,367,94,2dcd34d4f71a4f9a8717755113320812,2023-05-19_17-25-42,1684531542,45.14033770561218,4277.4659831523895,4122,HR1,10.49.0.104,4277.4659831523895,376200,94,20,b815bb28,0,1376256,376200,44870.82,6.453,2106.944,7.191,39.053846153846145,17.495384615384612,2.0194839474584456e-29,4.999999873689376e-05,40011416.0,-0.00051804126,40011416.0,0.000100218014,0.0006784279,1.0597419,0.0
-26688.47756919742,-1745900.4219749456,-604903.7211958092,971.24,14,4000,False,380200,381,95,2dcd34d4f71a4f9a8717755113320812,2023-05-19_17-26-33,1684531593,50.7580931186676,4328.224076271057,4122,HR1,10.49.0.104,4328.224076271057,380200,95,20,b815bb28,0,1382784,380200,44653.059,6.468,2163.676,7.575,38.72638888888889,17.46527777777778,1.0097419737292228e-29,4.999999873689376e-05,275305950.0,-0.00022065932,275305950.0,9.4068986e-05,0.00066434784,1.0395069,0.0
-196614.0511657267,-1745900.4219749456,-609453.0005665862,980.5,1,4000,False,384200,382,96,2dcd34d4f71a4f9a8717755113320812,2023-05-19_17-27-22,1684531642,48.64304232597351,4376.867118597031,4122,HR1,10.49.0.104,4376.867118597031,384200,96,20,b815bb28,0,1398656,384200,44760.781,6.229,2099.241,7.413,22.631428571428568,17.299999999999997,5.048709868646114e-30,4.999999873689376e-05,9788883.0,0.0006545402,9788883.0,0.008015597,0.00026399156,1.0505323,0.0
-196614.0511657267,-1745900.4219749456,-615437.2932091928,980.5,5,4081,False,388281,387,97,2dcd34d4f71a4f9a8717755113320812,2023-05-19_17-28-27,1684531707,65.13188886642456,4441.999007463455,4122,HR1,10.49.0.104,4441.999007463455,388281,97,20,b815bb28,0,1414016,388281,46331.49,5.999,2076.612,7.222,27.562365591397842,17.565591397849463,2.524354934323057e-30,4.999999873689376e-05,90858190.0,-0.002131991,90858190.0,0.00050144695,0.0015230424,1.0108227,0.0
-196614.0511657267,-1745900.4219749456,-615437.2932091926,980.5,0,4000,False,392281,387,98,2dcd34d4f71a4f9a8717755113320812,2023-05-19_17-29-30,1684531770,62.60257816314697,4504.601585626602,4122,HR1,10.49.0.104,4504.601585626602,392281,98,20,b815bb28,0,1433728,392281,48577.008,5.993,2065.269,6.973,81.74269662921348,24.975280898876402,1.2621774671615285e-30,4.999999873689376e-05,174576940.0,6.710709e-05,174576940.0,0.00039849072,0.0003022183,1.021269,0.0
-196614.0511657267,-1745900.4219749456,-615437.2932091926,980.5,0,4000,False,396281,387,99,2dcd34d4f71a4f9a8717755113320812,2023-05-19_17-30-43,1684531843,73.65761756896973,4578.259203195572,4122,HR1,10.49.0.104,4578.259203195572,396281,99,20,b815bb28,0,1444352,396281,51470.128,6.016,2054.242,6.904,93.03523809523809,26.66761904761904,6.3108873358076425e-31,4.999999873689376e-05,83127224.0,-0.00026941713,83127224.0,9.459185e-06,9.301284e-05,1.0147241,0.0
-196614.0511657267,-1421528.143318507,-616702.418404442,980.5,14,4000,False,400281,401,100,2dcd34d4f71a4f9a8717755113320812,2023-05-19_17-32-08,1684531928,84.90342378616333,4663.162626981735,4122,HR1,10.49.0.104,4663.162626981735,400281,100,20,b815bb28,0,1450880,400281,54853.101,6.015,2086.602,6.876,93.10909090909091,26.70826446280991,3.1554436679038213e-31,4.999999873689376e-05,222471650.0,-0.00058760215,222471650.0,0.00025916332,2.6421449e-05,1.0170743,0.0
-196614.0511657267,-1421528.143318507,-619250.4889132199,980.5,1,4000,False,404281,402,101,2dcd34d4f71a4f9a8717755113320812,2023-05-19_17-33-18,1684531998,70.26513981819153,4733.427766799927,4122,HR1,10.49.0.104,4733.427766799927,404281,101,20,b815bb28,0,1466368,404281,57062.299,6.089,2083.074,7.175,81.96799999999999,26.717,1.5777218339519106e-31,4.999999873689376e-05,12710288.0,2.095639e-05,12710288.0,0.0071889306,0.0007623871,1.0146778,0.0
-196614.0511657267,-1421528.143318507,-629289.9358735974,980.5,5,4000,False,408281,407,102,2dcd34d4f71a4f9a8717755113320812,2023-05-19_17-34-28,1684532068,69.03572249412537,4802.463489294052,4122,HR1,10.49.0.104,4802.463489294052,408281,102,20,b815bb28,0,1481728,408281,58913.291,6.261,2125.037,7.1,73.32323232323232,24.344444444444445,7.888609169759553e-32,4.999999873689376e-05,67300424.0,-0.0014897406,67300424.0,0.00037536424,0.0015180203,1.0445964,0.0
-196614.0511657267,-1421528.143318507,-629289.9358735975,980.5,0,4000,False,412281,407,103,2dcd34d4f71a4f9a8717755113320812,2023-05-19_17-35-12,1684532112,44.00047779083252,4846.463967084885,4122,HR1,10.49.0.104,4846.463967084885,412281,103,20,b815bb28,0,1501312,412281,59214.779,6.244,2162.234,7.017,30.787301587301588,17.40000000000001,3.9443045848797766e-32,4.999999873689376e-05,154853940.0,3.4799374e-05,154853940.0,0.0004524491,0.00030265606,1.0256627,0.0
-196614.0511657267,-1421528.143318507,-621501.7771189297,980.5,1,4040,False,416321,408,104,2dcd34d4f71a4f9a8717755113320812,2023-05-19_17-36-10,1684532170,58.36898612976074,4904.832953214645,4122,HR1,10.49.0.104,4904.832953214645,416321,104,20,b815bb28,0,1511680,416321,60526.745,6.17,2173.077,7.263,30.307228915662645,17.400000000000006,1.9721522924398883e-32,4.999999873689376e-05,54936690.0,-0.0004674439,54936690.0,1.16626425e-05,0.001024094,1.0099535,0.0
-196614.0511657267,-1421528.143318507,-620259.8234003948,980.5,13,4000,False,420321,421,105,2dcd34d4f71a4f9a8717755113320812,2023-05-19_17-37-01,1684532221,50.92824697494507,4955.76120018959,4122,HR1,10.49.0.104,4955.76120018959,420321,105,20,b815bb28,0,1518336,420321,60530.505,6.344,2185.735,7.105,37.086301369863016,17.38219178082192,9.860761462199441e-33,4.999999873689376e-05,159114610.0,-0.0021647231,159114610.0,0.00038134822,0.00091803446,0.9831383,0.0
-196614.0511657267,-1421528.143318507,-619484.1382131107,980.5,1,4000,False,424321,422,106,2dcd34d4f71a4f9a8717755113320812,2023-05-19_17-37-52,1684532272,51.11555862426758,5006.876758813858,4122,HR1,10.49.0.104,5006.876758813858,424321,106,20,b815bb28,0,1533824,424321,60761.847,6.27,2201.644,7.107,21.18767123287671,17.400000000000002,4.930380731099721e-33,4.999999873689376e-05,36794292.0,-0.00046156644,36794292.0,0.0031739054,0.0008577629,0.9745194,0.0
-196614.0511657267,-1421528.143318507,-620481.8316087187,980.5,5,4000,False,428321,427,107,2dcd34d4f71a4f9a8717755113320812,2023-05-19_17-38-42,1684532322,50.11223006248474,5056.988988876343,4122,HR1,10.49.0.104,5056.988988876343,428321,107,20,b815bb28,0,1549184,428321,59265.485,6.445,2195.813,7.124,27.69577464788733,17.385915492957757,2.4651903655498604e-33,4.999999873689376e-05,89647840.0,0.0004436463,89647840.0,0.0002192984,0.00046261252,0.9482535,0.0
-196614.0511657267,-1421528.143318507,-620481.8316087187,980.5,0,4000,False,432321,427,108,2dcd34d4f71a4f9a8717755113320812,2023-05-19_17-39-28,1684532368,45.37176251411438,5102.360751390457,4122,HR1,10.49.0.104,5102.360751390457,432321,108,20,b815bb28,0,1568512,432321,57520.723,6.843,2216.199,7.342,29.986153846153847,17.400000000000002,1.2325951827749302e-33,4.999999873689376e-05,181606750.0,0.00075979816,181606750.0,0.0003860952,0.00045449464,0.96005595,0.0
-196614.0511657267,-1421528.143318507,-625129.9956379825,980.5,1,4000,False,436321,428,109,2dcd34d4f71a4f9a8717755113320812,2023-05-19_17-40-18,1684532418,50.81373310089111,5153.174484491348,4122,HR1,10.49.0.104,5153.174484491348,436321,109,20,b815bb28,0,1579136,436321,55209.971,6.912,2241.116,7.635,34.329166666666666,17.400000000000002,6.162975913874651e-34,4.999999873689376e-05,27986120.0,-9.9727906e-05,27986120.0,0.00012723725,0.00026909233,0.9732188,0.0
-196614.0511657267,-1386165.0018535282,-612641.4725568184,980.5,13,4000,False,440321,441,110,2dcd34d4f71a4f9a8717755113320812,2023-05-19_17-41-12,1684532472,53.077484369277954,5206.251968860626,4122,HR1,10.49.0.104,5206.251968860626,440321,110,20,b815bb28,0,1586048,440321,52017.689,6.963,2250.776,7.888,36.065789473684205,17.386842105263167,3.0814879569373254e-34,4.999999873689376e-05,174278640.0,-0.0027151634,174278640.0,0.00034228188,0.00080811535,0.9952557,0.0
-196614.0511657267,-1386165.0018535282,-610591.1498720979,980.5,1,4000,False,444321,442,111,2dcd34d4f71a4f9a8717755113320812,2023-05-19_17-42-02,1684532522,50.13902544975281,5256.390994310379,4122,HR1,10.49.0.104,5256.390994310379,444321,111,20,b815bb28,0,1601664,444321,49984.884,6.751,2269.871,8.395,21.580555555555556,17.400000000000002,1.5407439784686627e-34,4.999999873689376e-05,13062664.0,-0.0003583261,13062664.0,0.0076919263,0.000101898644,1.0100582,0.0
-297362.32404979394,-1386165.0018535282,-620647.6161137526,993.21,5,4000,False,448321,447,112,2dcd34d4f71a4f9a8717755113320812,2023-05-19_17-42-51,1684532571,49.6510488986969,5306.042043209076,4122,HR1,10.49.0.104,5306.042043209076,448321,112,20,b815bb28,0,1617024,448321,48070.239,6.615,2246.102,8.512,27.750704225352116,17.39295774647889,7.703719892343314e-35,4.999999873689376e-05,69132904.0,-0.00069056003,69132904.0,0.0007116353,0.0017211792,0.98217404,0.0
-297362.32404979394,-1386165.0018535282,-620647.6161137527,993.21,0,4000,False,452321,447,113,2dcd34d4f71a4f9a8717755113320812,2023-05-19_17-43-36,1684532616,44.81665563583374,5350.85869884491,4122,HR1,10.49.0.104,5350.85869884491,452321,113,20,b815bb28,0,1636352,452321,48160.791,6.716,2236.279,8.464,30.428125,17.400000000000002,3.851859946171657e-35,4.999999873689376e-05,104278890.0,-0.00093149504,104278890.0,0.0007229483,0.0016702564,0.9689614,0.0
-297362.32404979394,-1386165.0018535282,-620655.0897623581,993.21,1,4000,False,456321,448,114,2dcd34d4f71a4f9a8717755113320812,2023-05-19_17-44-27,1684532667,50.49985384941101,5401.358552694321,4122,HR1,10.49.0.104,5401.358552694321,456321,114,20,b815bb28,0,1647360,456321,47373.593,6.543,2237.003,8.609,34.27638888888888,17.400000000000002,1.9259299730858284e-35,4.999999873689376e-05,96517840.0,-0.0026780607,96517840.0,2.3342842e-05,0.0035177567,0.9847231,0.0
-280003.19175294635,-1386165.0018535282,-618061.8087150664,993.21,13,4000,False,460321,461,115,2dcd34d4f71a4f9a8717755113320812,2023-05-19_17-45-18,1684532718,51.509825468063354,5452.868378162384,4122,HR1,10.49.0.104,5452.868378162384,460321,115,20,b815bb28,0,1654016,460321,47431.516,6.42,2238.042,8.463,37.37260273972603,17.390410958904113,9.629649865429142e-36,4.999999873689376e-05,150194020.0,-0.0022475251,150194020.0,0.00037423923,0.00031415402,1.0020354,0.0
-280003.19175294635,-1386165.0018535282,-621573.7938072016,993.21,1,4000,False,464321,462,116,2dcd34d4f71a4f9a8717755113320812,2023-05-19_17-46-08,1684532768,50.10588335990906,5502.974261522293,4122,HR1,10.49.0.104,5502.974261522293,464321,116,20,b815bb28,0,1669376,464321,47330.929,6.621,2237.282,8.879,21.424999999999997,17.400000000000002,4.814824932714571e-36,4.999999873689376e-05,12047870.0,-0.0009962273,12047870.0,0.008674845,0.0004387265,1.0016901,0.0
-280003.19175294635,-1386165.0018535282,-616953.4892468249,998.4,5,4000,False,468321,467,117,2dcd34d4f71a4f9a8717755113320812,2023-05-19_17-46-58,1684532818,49.189812660217285,5552.16407418251,4122,HR1,10.49.0.104,5552.16407418251,468321,117,20,b815bb28,0,1684736,468321,47242.267,6.257,2233.205,8.821,28.12571428571429,17.398571428571437,2.4074124663572855e-36,4.999999873689376e-05,66753124.0,0.0010392696,66753124.0,0.00081446714,0.00024499785,0.9907791,0.0
-280003.19175294635,-1386165.0018535282,-616953.4892468246,998.4,0,4000,False,472321,467,118,2dcd34d4f71a4f9a8717755113320812,2023-05-19_17-47-42,1684532862,44.343204975128174,5596.507279157639,4122,HR1,10.49.0.104,5596.507279157639,472321,118,20,b815bb28,0,1704064,472321,47096.6,5.826,2276.809,8.896,30.89365079365079,17.40000000000001,1.2037062331786428e-36,4.999999873689376e-05,136522500.0,-0.0014966931,136522500.0,0.000528244,0.0029032922,0.9338091,0.0
-280003.19175294635,-1386165.0018535282,-618469.8988802173,998.4,1,4000,False,476321,468,119,2dcd34d4f71a4f9a8717755113320812,2023-05-19_17-48-33,1684532913,50.637208700180054,5647.144487857819,4122,HR1,10.49.0.104,5647.144487857819,476321,119,20,b815bb28,0,1714816,476321,47071.922,5.659,2284.004,8.643,34.170833333333334,17.400000000000002,6.018531165893214e-37,4.999999873689376e-05,59928960.0,-0.002789608,59928960.0,2.8468314e-05,0.0017441673,0.94237626,0.0
-167287.58594133618,-1386165.0018535282,-614862.4934165612,1000.0,13,4000,False,480321,481,120,2dcd34d4f71a4f9a8717755113320812,2023-05-19_17-49-24,1684532964,51.27334976196289,5698.4178376197815,4122,HR1,10.49.0.104,5698.4178376197815,480321,120,20,b815bb28,0,1721472,480321,46894.317,5.665,2280.789,8.684,36.6027027027027,17.387837837837843,3.009265582946607e-37,4.999999873689376e-05,146419220.0,-0.001238847,146419220.0,0.00044278227,0.00039677977,0.92462677,0.0
-167287.58594133618,-1386165.0018535282,-616562.631625247,1000.0,1,4000,False,484321,482,121,2dcd34d4f71a4f9a8717755113320812,2023-05-19_17-50-14,1684533014,49.83833694458008,5748.256174564362,4122,HR1,10.49.0.104,5748.256174564362,484321,121,20,b815bb28,0,1737344,484321,46847.621,5.64,2298.189,8.013,21.8943661971831,17.40000000000001,1.5046327914733034e-37,4.999999873689376e-05,12289110.0,-0.0003521112,12289111.0,0.009073433,0.0018185122,0.91000503,0.0
-167287.58594133618,-1386165.0018535282,-616649.1625964746,1000.0,5,4000,False,488321,487,122,2dcd34d4f71a4f9a8717755113320812,2023-05-19_17-51-04,1684533064,49.75345730781555,5798.009631872177,4122,HR1,10.49.0.104,5798.009631872177,488321,122,20,b815bb28,0,1752704,488321,46852.052,5.714,2303.159,8.04,27.812676056338027,17.398591549295784,7.523163957366517e-38,4.999999873689376e-05,53114440.0,-0.0012455289,53114440.0,0.0012036056,0.00023979653,0.9178294,0.0
-167287.58594133618,-1386165.0018535282,-616649.1625964746,1000.0,0,4000,False,492321,487,123,2dcd34d4f71a4f9a8717755113320812,2023-05-19_17-51-48,1684533108,44.60505247116089,5842.614684343338,4122,HR1,10.49.0.104,5842.614684343338,492321,123,20,b815bb28,0,1772032,492321,46841.653,5.261,2293.77,8.344,30.450793650793646,17.40000000000001,3.7615819786832586e-38,4.999999873689376e-05,193520320.0,-0.0011341773,193520320.0,0.0005173727,0.00019083759,0.9141203,0.0
-167287.58594133618,-1386165.0018535282,-612396.607870262,1000.0,1,4000,False,496321,488,124,2dcd34d4f71a4f9a8717755113320812,2023-05-19_17-52-38,1684533158,49.670063734054565,5892.284748077393,4122,HR1,10.49.0.104,5892.284748077393,496321,124,20,b815bb28,0,1782528,496321,46742.65,5.507,2309.275,8.187,34.625352112676055,17.40000000000001,1.8807909893416293e-38,4.999999873689376e-05,71889180.0,0.00023579743,71889180.0,0.00021799744,0.000113205664,0.9027577,0.0
-167287.58594133618,-1386165.0018535282,-617427.1814436264,1000.0,13,4000,False,500321,501,125,2dcd34d4f71a4f9a8717755113320812,2023-05-19_17-53-30,1684533210,51.40926218032837,5943.694010257721,4122,HR1,10.49.0.104,5943.694010257721,500321,125,20,b815bb28,0,1789312,500321,46725.02,5.476,2316.653,8.197,36.89324324324325,17.390540540540545,0.0,4.999999873689376e-05,229318220.0,-0.0005707344,229318220.0,0.0003167492,0.000255501,0.9176042,0.0
-167287.58594133618,-1386165.0018535282,-615774.6018645442,1000.0,1,4000,False,504321,502,126,2dcd34d4f71a4f9a8717755113320812,2023-05-19_17-54-20,1684533260,50.0118510723114,5993.705861330032,4122,HR1,10.49.0.104,5993.705861330032,504321,126,20,b815bb28,0,1805184,504321,46685.393,5.388,2347.266,7.706,21.99577464788732,17.40000000000001,0.0,4.999999873689376e-05,21121644.0,-0.0002955494,21121644.0,0.005799078,8.213832e-05,0.9224065,0.0
-167287.58594133618,-1386165.0018535282,-613356.0875210718,1000.0,5,4000,False,508321,507,127,2dcd34d4f71a4f9a8717755113320812,2023-05-19_17-55-11,1684533311,51.65547013282776,6045.36133146286,4122,HR1,10.49.0.104,6045.36133146286,508321,127,20,b815bb28,0,1820672,508321,46903.831,5.54,2376.08,8.162,27.22162162162162,17.440540540540542,0.0,4.999999873689376e-05,82162150.0,-0.0005678379,82162150.0,0.000649836,0.0012282835,0.9036197,0.0
-167287.58594133618,-1386165.0018535282,-610451.9300772669,995.28,1,4000,False,512321,508,128,2dcd34d4f71a4f9a8717755113320812,2023-05-19_17-55-57,1684533357,45.30819129943848,6090.669522762299,4122,HR1,10.49.0.104,6090.669522762299,512321,128,20,b815bb28,0,1840128,512321,47011.932,5.508,2364.064,8.215,30.0453125,17.4046875,0.0,4.999999873689376e-05,137224580.0,4.0082556e-05,137224580.0,0.0007727507,9.98229e-05,0.8913486,0.0
-167287.58594133618,-1386165.0018535282,-609639.9102359219,995.28,1,4000,False,516321,509,129,2dcd34d4f71a4f9a8717755113320812,2023-05-19_17-56-47,1684533407,50.28304982185364,6140.952572584152,4122,HR1,10.49.0.104,6140.952572584152,516321,129,20,b815bb28,0,1851264,516321,46963.163,5.725,2378.282,8.177,33.19444444444444,17.48888888888889,0.0,4.999999873689376e-05,67068692.0,0.0002642919,67068692.0,0.00045531167,0.0005937109,0.89769804,0.0
-167287.58594133618,-1386165.0018535282,-611312.685542356,995.28,12,4000,False,520321,521,130,2dcd34d4f71a4f9a8717755113320812,2023-05-19_17-57-38,1684533458,51.30347013473511,6192.256042718887,4122,HR1,10.49.0.104,6192.256042718887,520321,130,20,b815bb28,0,1858944,520321,46947.021,5.899,2397.704,8.153,36.323287671232876,17.460273972602746,0.0,4.999999873689376e-05,137703250.0,-0.0020489532,137703250.0,0.0005652487,0.00049595296,0.87735546,0.0
-167287.58594133618,-1386165.0018535282,-610718.5571016982,995.28,1,4000,False,524321,522,131,2dcd34d4f71a4f9a8717755113320812,2023-05-19_17-58-27,1684533507,48.813528537750244,6241.069571256638,4122,HR1,10.49.0.104,6241.069571256638,524321,131,20,b815bb28,0,1874176,524321,46862.466,5.871,2380.733,8.438,23.184285714285718,17.40000000000001,0.0,4.999999873689376e-05,37922680.0,-0.0006997206,37922680.0,0.003668703,0.00074616686,0.9056978,0.0
-167287.58594133618,-1386165.0018535282,-609048.341587702,995.28,5,4000,False,528321,527,132,2dcd34d4f71a4f9a8717755113320812,2023-05-19_17-59-17,1684533557,49.46774220466614,6290.537313461304,4122,HR1,10.49.0.104,6290.537313461304,528321,132,20,b815bb28,0,1888640,528321,46864.026,5.622,2350.992,8.348,28.39154929577464,17.436619718309867,0.0,4.999999873689376e-05,72294584.0,-0.0011720392,72294584.0,0.0008028677,0.0005764515,0.90945363,0.0
-167287.58594133618,-1238434.2672229724,-604913.4730947481,995.28,1,4000,False,532321,528,133,2dcd34d4f71a4f9a8717755113320812,2023-05-19_18-00-00,1684533600,43.793625593185425,6334.330939054489,4122,HR1,10.49.0.104,6334.330939054489,532321,133,20,b815bb28,0,1907328,532321,46771.638,5.768,2361.143,8.181,31.175806451612903,17.45,0.0,4.999999873689376e-05,140147710.0,-0.00080496137,140147710.0,0.00068376446,0.0019203465,0.9397122,0.0
-167287.58594133618,-1238434.2672229724,-605456.2237602014,995.28,1,4000,False,536321,529,134,2dcd34d4f71a4f9a8717755113320812,2023-05-19_18-00-50,1684533650,49.747896671295166,6384.078835725784,4122,HR1,10.49.0.104,6384.078835725784,536321,134,20,b815bb28,0,1918592,536321,46785.224,5.701,2355.361,8.281,33.31549295774648,17.497183098591552,0.0,4.999999873689376e-05,40319040.0,0.0005832277,40319040.0,0.00051977416,0.00024848295,0.9337645,0.0
-167287.58594133618,-1238434.2672229724,-600502.113242806,995.28,12,4000,False,540321,541,135,2dcd34d4f71a4f9a8717755113320812,2023-05-19_18-01-41,1684533701,50.87457585334778,6434.953411579132,4122,HR1,10.49.0.104,6434.953411579132,540321,135,20,b815bb28,0,1926272,540321,46721.864,5.778,2364.954,8.29,36.5068493150685,17.479452054794525,0.0,4.999999873689376e-05,136558500.0,-0.0004884292,136558500.0,0.0005385945,0.00039766319,0.9132965,0.0
-167287.58594133618,-1238434.2672229724,-601550.6404533465,995.28,1,4000,False,544321,542,136,2dcd34d4f71a4f9a8717755113320812,2023-05-19_18-02-32,1684533752,50.73262619972229,6485.686037778854,4122,HR1,10.49.0.104,6485.686037778854,544321,136,20,b815bb28,0,1941376,544321,46825.385,5.748,2333.437,8.277,22.445833333333333,17.47638888888889,0.0,4.999999873689376e-05,13566937.0,-0.00093961164,13566937.0,0.008755993,0.0014109339,0.88453317,0.0
-167287.58594133618,-1238434.2672229724,-603797.4152173582,995.28,5,4000,False,548321,547,137,2dcd34d4f71a4f9a8717755113320812,2023-05-19_18-03-23,1684533803,51.489609718322754,6537.175647497177,4122,HR1,10.49.0.104,6537.175647497177,548321,137,20,b815bb28,0,1955840,548321,46852.924,5.771,2289.132,8.187,27.50945945945946,17.483783783783785,0.0,4.999999873689376e-05,63856550.0,-0.0009020914,63856550.0,0.0011049778,0.0003445593,0.8915173,0.0
-167287.58594133618,-1238434.2672229724,-601755.5237021354,995.28,1,4000,False,552321,548,138,2dcd34d4f71a4f9a8717755113320812,2023-05-19_18-04-08,1684533848,44.49927115440369,6581.674918651581,4122,HR1,10.49.0.104,6581.674918651581,552321,138,20,b815bb28,0,1974528,552321,46810.796,5.715,2249.995,8.103,30.831746031746032,17.5,0.0,4.999999873689376e-05,183460580.0,-0.0006753484,183460580.0,0.00065618224,0.0016212241,0.89863145,0.0
-167287.58594133618,-1238434.2672229724,-603846.4438053479,995.28,1,4000,False,556321,549,139,2dcd34d4f71a4f9a8717755113320812,2023-05-19_18-04-59,1684533899,51.256906032562256,6632.931824684143,4122,HR1,10.49.0.104,6632.931824684143,556321,139,20,b815bb28,0,1985664,556321,46914.591,5.704,2243.06,8.275,32.66849315068493,17.5,0.0,4.999999873689376e-05,60033300.0,-0.00071613904,60033300.0,0.0005085448,0.0007310907,0.89569503,0.0
-167287.58594133618,-1238434.2672229724,-607230.5799505957,995.28,12,4000,False,560321,561,140,2dcd34d4f71a4f9a8717755113320812,2023-05-19_18-05-50,1684533950,50.595723390579224,6683.527548074722,4122,HR1,10.49.0.104,6683.527548074722,560321,140,20,b815bb28,0,1993344,560321,46849.507,5.548,2237.769,8.369,36.449999999999996,17.481944444444448,0.0,4.999999873689376e-05,113932140.0,0.0004795144,113932140.0,0.0006047835,2.4693118e-05,0.8982054,0.0
-167287.58594133618,-1238434.2672229724,-606172.3984184591,995.28,1,4000,False,564321,562,141,2dcd34d4f71a4f9a8717755113320812,2023-05-19_18-06-39,1684533999,49.146464824676514,6732.674012899399,4122,HR1,10.49.0.104,6732.674012899399,564321,141,20,b815bb28,0,2008704,564321,46872.352,5.679,2248.097,8.12,22.85211267605634,17.488732394366203,0.0,4.999999873689376e-05,21168280.0,-0.0013027397,21168280.0,0.0064958325,0.0014571405,0.8778941,0.0
-167287.58594133618,-1238434.2672229724,-606543.0778816602,995.28,5,4000,False,568321,567,142,2dcd34d4f71a4f9a8717755113320812,2023-05-19_18-07-29,1684534049,49.97292876243591,6782.646941661835,4122,HR1,10.49.0.104,6782.646941661835,568321,142,20,b815bb28,0,2023168,568321,46912.076,5.81,2259.261,8.072,28.521126760563384,17.490140845070425,0.0,4.999999873689376e-05,84568820.0,-0.00042221055,84568820.0,0.0007464891,0.00083830074,0.8471716,0.0
-167287.58594133618,-1238434.2672229724,-604275.2286024819,995.28,1,4000,False,572321,568,143,2dcd34d4f71a4f9a8717755113320812,2023-05-19_18-08-13,1684534093,44.37353515625,6827.020476818085,4122,HR1,10.49.0.104,6827.020476818085,572321,143,20,b815bb28,0,2041856,572321,46990.053,5.935,2239.482,7.954,30.815873015873013,17.5,0.0,4.999999873689376e-05,104381130.0,-0.00026898546,104381130.0,0.0009830602,0.001400377,0.8072668,0.0
-167287.58594133618,-1238434.2672229724,-604198.3846434291,995.28,1,4000,False,576321,569,144,2dcd34d4f71a4f9a8717755113320812,2023-05-19_18-09-03,1684534143,49.95217323303223,6876.972650051117,4122,HR1,10.49.0.104,6876.972650051117,576321,144,20,b815bb28,0,2053120,576321,47017.845,6.058,2232.201,7.95,33.106944444444444,17.5,0.0,4.999999873689376e-05,48636620.0,-0.0009018303,48636620.0,0.0007104894,0.0015327287,0.83319855,0.0
-244399.86021485817,-1238434.2672229724,-601979.6026006611,995.28,12,4000,False,580321,581,145,2dcd34d4f71a4f9a8717755113320812,2023-05-19_18-09-56,1684534196,52.65304636955261,6929.62569642067,4122,HR1,10.49.0.104,6929.62569642067,580321,145,20,b815bb28,0,2060928,580321,47196.176,6.083,2232.015,8.061,35.525333333333336,17.485333333333333,0.0,4.999999873689376e-05,134800960.0,0.00028010592,134800960.0,0.0002933897,0.00010392276,0.83363706,0.0
-244399.86021485817,-1238434.2672229724,-598170.1082685986,995.28,1,4000,False,584321,582,146,2dcd34d4f71a4f9a8717755113320812,2023-05-19_18-10-47,1684534247,50.89595293998718,6980.521649360657,4122,HR1,10.49.0.104,6980.521649360657,584321,146,20,b815bb28,0,2076416,584321,47206.39,5.933,2238.017,8.47,22.530555555555555,17.5,0.0,4.999999873689376e-05,31927654.0,-0.0007144719,31927654.0,0.0043114247,0.0004753354,0.8241784,0.0
-244399.86021485817,-1238434.2672229724,-594379.9128396201,993.67,5,4000,False,588321,587,147,2dcd34d4f71a4f9a8717755113320812,2023-05-19_18-11-37,1684534297,49.44889521598816,7029.970544576645,4122,HR1,10.49.0.104,7029.970544576645,588321,147,20,b815bb28,0,2091648,588321,46981.399,6.092,2258.836,8.447,27.440845070422533,17.495774647887323,0.0,4.999999873689376e-05,64151380.0,-0.00065406045,64151380.0,0.0013878391,0.0013713104,0.7879816,0.0
-244399.86021485817,-1238434.2672229724,-600505.6777175423,993.67,1,4000,False,592321,588,148,2dcd34d4f71a4f9a8717755113320812,2023-05-19_18-12-21,1684534341,43.945921421051025,7073.916465997696,4122,HR1,10.49.0.104,7073.916465997696,592321,148,20,b815bb28,0,2110720,592321,46924.004,6.19,2261.218,8.478,31.220634920634925,17.5,0.0,4.999999873689376e-05,132519210.0,-2.5877016e-05,132519210.0,0.0007606601,6.530411e-05,0.7780008,0.0
-244399.86021485817,-1238434.2672229724,-598678.5808130656,993.67,1,4000,False,596321,589,149,2dcd34d4f71a4f9a8717755113320812,2023-05-19_18-13-11,1684534391,49.95330595970154,7123.8697719573975,4122,HR1,10.49.0.104,7123.8697719573975,596321,149,20,b815bb28,0,2121984,596321,46796.505,6.194,2258.206,8.389,33.99859154929577,17.5,0.0,4.999999873689376e-05,65730904.0,-0.001668132,65730904.0,0.00044974414,0.0002669531,0.79399985,0.0
-244399.86021485817,-1238434.2672229724,-588586.5060964503,993.67,12,4000,False,600321,601,150,2dcd34d4f71a4f9a8717755113320812,2023-05-19_18-14-02,1684534442,51.35760521888733,7175.227377176285,4122,HR1,10.49.0.104,7175.227377176285,600321,150,20,b815bb28,0,2129280,600321,46872.356,6.138,2258.003,8.363,36.64246575342466,17.48904109589041,0.0,4.999999873689376e-05,95204640.0,-0.0009152612,95204640.0,0.00073187076,0.0009937257,0.7798293,0.0
-244399.86021485817,-1238434.2672229724,-588797.0543890111,993.67,2,4022,False,604343,603,151,2dcd34d4f71a4f9a8717755113320812,2023-05-19_18-14-57,1684534497,54.72013235092163,7229.947509527206,4122,HR1,10.49.0.104,7229.947509527206,604343,151,20,b815bb28,0,2144128,604343,47456.638,6.067,2231.483,8.346,21.37564102564103,17.5,0.0,4.999999873689376e-05,19414782.0,-0.0014680505,19414782.0,0.006522502,0.0004944041,0.784553,0.0
-244399.86021485817,-1047463.1909555384,-584010.4892681763,993.67,4,4000,False,608343,607,152,2dcd34d4f71a4f9a8717755113320812,2023-05-19_18-15-47,1684534547,50.37567090988159,7280.323180437088,4122,HR1,10.49.0.104,7280.323180437088,608343,152,20,b815bb28,0,2159488,608343,47494.165,5.775,2234.906,8.183,26.975,17.498611111111114,0.0,4.999999873689376e-05,119445610.0,-0.00011562953,119445610.0,0.00091388373,0.00066736276,0.7671095,0.0
-266660.584375622,-1047463.1909555384,-586140.18405181,998.39,1,4000,False,612343,608,153,2dcd34d4f71a4f9a8717755113320812,2023-05-19_18-16-31,1684534591,44.05584406852722,7324.379024505615,4122,HR1,10.49.0.104,7324.379024505615,612343,153,20,b815bb28,0,2178304,612343,47466.247,5.545,2231.988,8.316,31.392063492063492,17.5,0.0,4.999999873689376e-05,161531470.0,-3.0548763e-05,161531470.0,0.00062483794,0.00037946648,0.74367684,0.0
-266660.584375622,-1047463.1909555384,-584457.9685191284,998.39,1,4000,False,616343,609,154,2dcd34d4f71a4f9a8717755113320812,2023-05-19_18-17-21,1684534641,49.81645059585571,7374.195475101471,4122,HR1,10.49.0.104,7374.195475101471,616343,154,20,b815bb28,0,2189696,616343,47446.246,5.336,2238.242,8.344,33.676056338028175,17.5,0.0,4.999999873689376e-05,98021420.0,-0.0012079455,98021420.0,0.00035172634,0.0011916358,0.77025384,0.0
-228584.15714602981,-1159166.717919365,-581614.2305160532,998.39,12,4000,False,620343,621,155,2dcd34d4f71a4f9a8717755113320812,2023-05-19_18-18-12,1684534692,50.86600422859192,7425.061479330063,4122,HR1,10.49.0.104,7425.061479330063,620343,155,20,b815bb28,0,2196736,620343,47274.92,5.323,2230.477,8.498,36.46849315068493,17.49178082191781,0.0,4.999999873689376e-05,175624860.0,-0.002238112,175624860.0,0.0004830989,0.0006735544,0.7552665,0.0
-228584.15714602981,-1308472.628758342,-588909.4234772846,998.39,2,4000,False,624343,623,156,2dcd34d4f71a4f9a8717755113320812,2023-05-19_18-19-02,1684534742,49.57772946357727,7474.63920879364,4122,HR1,10.49.0.104,7474.63920879364,624343,156,20,b815bb28,0,2211712,624343,47156.952,5.317,2216.517,8.255,23.232857142857146,17.5,0.0,4.999999873689376e-05,29770480.0,0.00017874109,29770480.0,0.0053096013,0.00014665937,0.7527415,0.0
-228584.15714602981,-1308472.628758342,-583496.4793438575,992.39,5,4000,False,628343,628,157,2dcd34d4f71a4f9a8717755113320812,2023-05-19_18-19-51,1684534791,49.45174741744995,7524.09095621109,4122,HR1,10.49.0.104,7524.09095621109,628343,157,20,b815bb28,0,2227072,628343,47161.092,5.312,2212.035,8.248,27.242253521126763,17.5,0.0,4.999999873689376e-05,59661800.0,0.0001042289,59661800.0,0.0014706418,0.00034372942,0.75103605,0.0
-228584.15714602981,-1308472.628758342,-583713.8432825301,992.39,1,4000,False,632343,629,158,2dcd34d4f71a4f9a8717755113320812,2023-05-19_18-20-36,1684534836,44.7658269405365,7568.856783151627,4122,HR1,10.49.0.104,7568.856783151627,632343,158,20,b815bb28,0,2245760,632343,47239.708,5.843,2215.646,7.992,29.821875,17.5,0.0,4.999999873689376e-05,149642000.0,-0.0007060854,149642000.0,0.00076750614,0.0020792126,0.7652647,0.0
-228584.15714602981,-1308472.628758342,-581909.0801830393,992.39,1,4000,False,636343,630,159,2dcd34d4f71a4f9a8717755113320812,2023-05-19_18-21-26,1684534886,49.767974615097046,7618.624757766724,4122,HR1,10.49.0.104,7618.624757766724,636343,159,20,b815bb28,0,2257792,636343,47205.243,5.838,2232.041,8.139,33.20422535211268,17.5,0.0,4.999999873689376e-05,151787280.0,-0.0008211892,151787280.0,0.00027923254,0.0015887223,0.77351046,0.0
-228584.15714602981,-1308472.628758342,-577371.257635082,992.39,11,4000,False,640343,641,160,2dcd34d4f71a4f9a8717755113320812,2023-05-19_18-22-16,1684534936,50.408036947250366,7669.032794713974,4122,HR1,10.49.0.104,7669.032794713974,640343,160,20,b815bb28,0,2265984,640343,47101.437,5.953,2240.468,7.802,36.49305555555556,17.493055555555557,0.0,4.999999873689376e-05,115788820.0,2.9802322e-06,115788820.0,0.0005843276,0.0006640675,0.7568433,0.0
-228584.15714602981,-1312644.4679810505,-592669.4944944854,992.39,2,4000,False,644343,643,161,2dcd34d4f71a4f9a8717755113320812,2023-05-19_18-23-05,1684534985,49.38316011428833,7718.415954828262,4122,HR1,10.49.0.104,7718.415954828262,644343,161,20,b815bb28,0,2280448,644343,46570.31,6.083,2237.338,7.595,24.378571428571433,17.5,0.0,4.999999873689376e-05,18689108.0,-0.0013423081,18689108.0,0.007198399,0.0009868899,0.7928684,0.0
-228584.15714602981,-1312644.4679810505,-589783.1704685395,992.39,5,4000,False,648343,648,162,2dcd34d4f71a4f9a8717755113320812,2023-05-19_18-23-55,1684535035,49.51161336898804,7767.92756819725,4122,HR1,10.49.0.104,7767.92756819725,648343,162,20,b815bb28,0,2294784,648343,46499.184,6.243,2220.727,7.801,27.93661971830986,17.5,0.0,4.999999873689376e-05,62924460.0,-0.0005332657,62924460.0,0.0015088537,0.0002274949,0.80555314,0.0
-228584.15714602981,-1312644.4679810505,-588435.0627546125,992.39,1,4000,False,652343,649,163,2dcd34d4f71a4f9a8717755113320812,2023-05-19_18-24-40,1684535080,44.89074230194092,7812.818310499191,4122,HR1,10.49.0.104,7812.818310499191,652343,163,20,b815bb28,0,2313472,652343,46577.481,6.385,2225.504,7.839,29.9125,17.5,0.0,4.999999873689376e-05,94920210.0,-2.9380191e-05,94920210.0,0.0011599937,8.17499e-05,0.8044843,0.0
-228584.15714602981,-1312644.4679810505,-588414.7017093765,992.39,1,4000,False,656343,650,164,2dcd34d4f71a4f9a8717755113320812,2023-05-19_18-25-31,1684535131,50.551695823669434,7863.370006322861,4122,HR1,10.49.0.104,7863.370006322861,656343,164,20,b815bb28,0,2325248,656343,46646.672,6.571,2229.914,7.68,32.766666666666666,17.5,0.0,4.999999873689376e-05,62697460.0,-0.0020735045,62697460.0,0.0006786533,0.0013390539,0.83864546,0.0
-228584.15714602981,-1312644.4679810505,-578515.7988609392,992.39,11,4000,False,660343,661,165,2dcd34d4f71a4f9a8717755113320812,2023-05-19_18-26-22,1684535182,51.235384941101074,7914.605391263962,4122,HR1,10.49.0.104,7914.605391263962,660343,165,20,b815bb28,0,2333312,660343,46672.769,6.701,2240.805,7.252,36.291780821917804,17.502739726027396,0.0,4.999999873689376e-05,115203530.0,-0.0007277452,115203530.0,0.00062710425,3.530093e-05,0.8367525,0.0
-228584.15714602981,-1312644.4679810505,-575466.3214919711,992.39,2,4000,False,664343,663,166,2dcd34d4f71a4f9a8717755113320812,2023-05-19_18-27-12,1684535232,49.76918268203735,7964.374573945999,4122,HR1,10.49.0.104,7964.374573945999,664343,166,20,b815bb28,0,2347776,664343,46692.733,6.853,2240.055,7.4,24.166197183098593,17.5,0.0,4.999999873689376e-05,26110084.0,-0.001070977,26110086.0,0.0061118947,0.001638679,0.8125732,0.0
-228584.15714602981,-1312644.4679810505,-576459.4572745932,992.39,5,4000,False,668343,668,167,2dcd34d4f71a4f9a8717755113320812,2023-05-19_18-28-02,1684535282,50.15861439704895,8014.533188343048,4122,HR1,10.49.0.104,8014.533188343048,668343,167,20,b815bb28,0,2362112,668343,46777.608,6.699,2226.909,7.252,27.729166666666668,17.5,0.0,4.999999873689376e-05,65384988.0,0.0010912424,65384988.0,0.001446536,0.00041569333,0.8034796,0.0
-228584.15714602981,-1312644.4679810505,-574760.5984010871,992.39,1,4000,False,672343,669,168,2dcd34d4f71a4f9a8717755113320812,2023-05-19_18-28-46,1684535326,44.16785526275635,8058.701043605804,4122,HR1,10.49.0.104,8058.701043605804,672343,168,20,b815bb28,0,2380672,672343,46728.423,6.198,2216.387,7.238,30.446031746031746,17.5,0.0,4.999999873689376e-05,139026830.0,-0.0004892682,139026830.0,0.0008634082,0.0016066242,0.83025545,0.0
-228584.15714602981,-1312644.4679810505,-575867.8996314078,992.39,1,4000,False,676343,670,169,2dcd34d4f71a4f9a8717755113320812,2023-05-19_18-29-36,1684535376,50.26637864112854,8108.967422246933,4122,HR1,10.49.0.104,8108.967422246933,676343,169,20,b815bb28,0,2392832,676343,46784.154,6.192,2210.108,7.135,32.83611111111111,17.575000000000003,0.0,4.999999873689376e-05,53684456.0,-0.0005308144,53684456.0,0.00079797383,0.00015662269,0.8324756,0.0
-228584.15714602981,-1312644.4679810505,-575661.2588319506,992.39,11,4000,False,680343,681,170,2dcd34d4f71a4f9a8717755113320812,2023-05-19_18-30-28,1684535428,51.4555082321167,8160.42293047905,4122,HR1,10.49.0.104,8160.42293047905,680343,170,20,b815bb28,0,2401024,680343,46891.11,6.228,2208.448,7.406,35.97260273972603,17.57808219178082,0.0,4.999999873689376e-05,93137760.0,7.701665e-05,93137760.0,0.0007722294,0.00026860472,0.83302355,0.0
-228584.15714602981,-1312644.4679810505,-583604.5712783586,994.0,2,4000,False,684343,683,171,2dcd34d4f71a4f9a8717755113320812,2023-05-19_18-31-17,1684535477,48.90604519844055,8209.32897567749,4122,HR1,10.49.0.104,8209.32897567749,684343,171,20,b815bb28,0,2415616,684343,46841.544,5.88,2211.087,7.529,24.31285714285714,17.5,0.0,4.999999873689376e-05,25387664.0,-0.002333207,25387664.0,0.007023244,0.0011848762,0.8700323,0.0
-228584.15714602981,-1312644.4679810505,-577524.4913426499,994.0,5,4000,False,688343,688,172,2dcd34d4f71a4f9a8717755113320812,2023-05-19_18-32-07,1684535527,50.05900692939758,8259.387982606888,4122,HR1,10.49.0.104,8259.387982606888,688343,172,20,b815bb28,0,2429952,688343,46879.976,6.039,2228.078,7.598,27.93239436619718,17.523943661971828,0.0,4.999999873689376e-05,95670344.0,-0.0010878795,95670344.0,0.0013871416,0.0019205174,0.85552317,0.0
-228584.15714602981,-1312644.4679810505,-578443.214926823,994.0,1,4000,False,692343,689,173,2dcd34d4f71a4f9a8717755113320812,2023-05-19_18-32-51,1684535571,44.12774682044983,8303.515729427338,4122,HR1,10.49.0.104,8303.515729427338,692343,173,20,b815bb28,0,2448640,692343,46802.152,6.198,2230.317,7.328,30.247619047619047,17.530158730158725,0.0,4.999999873689376e-05,117805560.0,8.509828e-05,117805560.0,0.0013280478,1.2819594e-05,0.8523267,0.0
-228584.15714602981,-1312644.4679810505,-581168.5989538416,994.0,1,4000,False,696343,690,174,2dcd34d4f71a4f9a8717755113320812,2023-05-19_18-33-41,1684535621,49.798728942871094,8353.314458370209,4122,HR1,10.49.0.104,8353.314458370209,696343,174,20,b815bb28,0,2460288,696343,46725.562,5.907,2232.235,7.204,33.257746478873244,17.595774647887314,0.0,4.999999873689376e-05,84654640.0,0.0006958146,84654640.0,0.00064074533,0.00014030734,0.8585802,0.0
-228584.15714602981,-1312644.4679810505,-580463.8310568637,994.0,11,4000,False,700343,701,175,2dcd34d4f71a4f9a8717755113320812,2023-05-19_18-34-32,1684535672,51.647159576416016,8404.961617946625,4122,HR1,10.49.0.104,8404.961617946625,700343,175,20,b815bb28,0,2468608,700343,46745.811,5.853,2252.725,7.599,35.74864864864865,17.58243243243243,0.0,4.999999873689376e-05,220049940.0,-0.0013276155,220049940.0,0.00047574867,0.00015890105,0.8703066,0.0
-228584.15714602981,-1312644.4679810505,-587851.6450772324,994.0,2,4000,False,704343,703,176,2dcd34d4f71a4f9a8717755113320812,2023-05-19_18-35-22,1684535722,49.84226608276367,8454.803884029388,4122,HR1,10.49.0.104,8454.803884029388,704343,176,20,b815bb28,0,2483072,704343,46755.969,5.736,2250.01,7.54,24.104225352112678,17.553521126760565,0.0,4.999999873689376e-05,33540816.0,-0.0010078924,33540816.0,0.005094528,0.0024563994,0.85992086,0.0
-228584.15714602981,-1312644.4679810505,-593999.5126927287,994.0,5,4000,False,708343,708,177,2dcd34d4f71a4f9a8717755113320812,2023-05-19_18-36-13,1684535773,50.2459180355072,8505.049802064896,4122,HR1,10.49.0.104,8505.049802064896,708343,177,20,b815bb28,0,2497536,708343,46765.598,5.662,2248.432,7.696,27.719444444444445,17.573611111111106,0.0,4.999999873689376e-05,84786350.0,-4.2576852e-05,84786350.0,0.0011614203,8.319085e-05,0.8630612,0.0
-228584.15714602981,-1312644.4679810505,-595383.6618241011,994.0,1,4000,False,712343,709,178,2dcd34d4f71a4f9a8717755113320812,2023-05-19_18-36-57,1684535817,44.05833911895752,8549.108141183853,4122,HR1,10.49.0.104,8549.108141183853,712343,178,20,b815bb28,0,2516096,712343,46753.26,5.303,2249.386,7.813,30.18571428571429,17.58571428571428,0.0,4.999999873689376e-05,144564420.0,-9.02997e-05,144564420.0,0.0008854159,0.00041024058,0.86908525,0.0
-228584.15714602981,-1312644.4679810505,-596089.704807403,994.0,1,4000,False,716343,710,179,2dcd34d4f71a4f9a8717755113320812,2023-05-19_18-37-46,1684535866,49.7666552066803,8598.874796390533,4122,HR1,10.49.0.104,8598.874796390533,716343,179,20,b815bb28,0,2528384,716343,46694.489,5.117,2258.591,7.492,33.3225352112676,17.59999999999999,0.0,4.999999873689376e-05,48566850.0,-0.00018907462,48566850.0,0.0008231935,0.00010638381,0.8585798,0.0
-271121.0438911884,-1312644.4679810505,-593360.5783052582,994.0,11,4000,False,720343,721,180,2dcd34d4f71a4f9a8717755113320812,2023-05-19_18-38-38,1684535918,51.603310346603394,8650.478106737137,4122,HR1,10.49.0.104,8650.478106737137,720343,180,20,b815bb28,0,2536448,720343,46708.18,4.858,2259.786,7.345,35.76486486486487,17.58243243243243,0.0,4.999999873689376e-05,107517420.0,0.00057899463,107517420.0,0.00081388914,0.00017543545,0.84576184,0.0
-271121.0438911884,-1312644.4679810505,-582571.3087277813,994.0,2,4000,False,724343,723,181,2dcd34d4f71a4f9a8717755113320812,2023-05-19_18-39-27,1684535967,49.077553272247314,8699.555660009384,4122,HR1,10.49.0.104,8699.555660009384,724343,181,20,b815bb28,0,2551040,724343,46707.565,4.888,2277.173,7.405,24.421428571428567,17.58714285714285,0.0,4.999999873689376e-05,37591996.0,0.0001717103,37591996.0,0.004812003,0.00039826412,0.856928,0.0
-342628.5264143318,-1312644.4679810505,-584499.0029683468,1000.0,5,4000,False,728343,728,182,2dcd34d4f71a4f9a8717755113320812,2023-05-19_18-40-18,1684536018,50.551247119903564,8750.106907129288,4122,HR1,10.49.0.104,8750.106907129288,728343,182,20,b815bb28,0,2565504,728343,46762.464,4.894,2271.295,7.239,27.558333333333334,17.58888888888889,0.0,4.999999873689376e-05,93495256.0,5.5729684e-05,93495256.0,0.0011361531,0.00014690349,0.8511056,0.0
-342628.5264143318,-1312644.4679810505,-584439.4350651576,1000.0,1,4000,False,732343,729,183,2dcd34d4f71a4f9a8717755113320812,2023-05-19_18-41-02,1684536062,44.13900017738342,8794.245907306671,4122,HR1,10.49.0.104,8794.245907306671,732343,183,20,b815bb28,0,2584064,732343,46768.148,4.918,2265.196,7.229,30.1984126984127,17.596825396825388,0.0,4.999999873689376e-05,151489740.0,-0.0013331436,151489740.0,0.00091263506,0.0008515071,0.83612335,0.0
-342628.5264143318,-1312644.4679810505,-586781.5705296543,1000.0,1,4000,False,736343,730,184,2dcd34d4f71a4f9a8717755113320812,2023-05-19_18-41-51,1684536111,49.41143226623535,8843.657339572906,4122,HR1,10.49.0.104,8843.657339572906,736343,184,20,b815bb28,0,2595840,736343,46718.448,5.261,2275.547,7.545,33.45714285714286,17.59999999999999,0.0,4.999999873689376e-05,72078710.0,0.000970623,72078710.0,0.0008120355,0.00046255774,0.81618196,0.0
-342628.5264143318,-1312644.4679810505,-590226.5832655514,1000.0,11,4000,False,740343,741,185,2dcd34d4f71a4f9a8717755113320812,2023-05-19_18-42-44,1684536164,52.29054808616638,8895.947887659073,4122,HR1,10.49.0.104,8895.947887659073,740343,185,20,b815bb28,0,2604032,740343,46799.706,5.188,2259.127,7.304,35.384,17.58666666666666,0.0,4.999999873689376e-05,102152260.0,-0.00042197574,102152260.0,0.0007332284,0.0012243122,0.78619874,0.0
-273958.5696360158,-1244217.7246356474,-573827.9767955197,1000.0,2,4000,False,744343,743,186,2dcd34d4f71a4f9a8717755113320812,2023-05-19_18-43-34,1684536214,50.12430787086487,8946.072195529938,4122,HR1,10.49.0.104,8946.072195529938,744343,186,20,b815bb28,0,2618496,744343,46810.111,5.393,2276.418,7.513,24.083098591549298,17.592957746478866,0.0,4.999999873689376e-05,19810708.0,-2.5060637e-05,19810708.0,0.008202395,0.00021194166,0.7804968,0.0
-273958.5696360158,-1244217.7246356474,-576950.8702188222,1000.0,5,4000,False,748343,748,187,2dcd34d4f71a4f9a8717755113320812,2023-05-19_18-44-26,1684536266,52.263391733169556,8998.335587263107,4122,HR1,10.49.0.104,8998.335587263107,748343,187,20,b815bb28,0,2632832,748343,46985.663,5.63,2303.681,7.215,26.866666666666667,17.597333333333328,0.0,4.999999873689376e-05,59350772.0,-0.00080933236,59350772.0,0.0021429758,0.0014713019,0.75123847,0.0
-273958.5696360158,-1244217.7246356474,-577100.4312939674,1000.0,1,4000,False,752343,749,188,2dcd34d4f71a4f9a8717755113320812,2023-05-19_18-45-10,1684536310,43.74424338340759,9042.079830646515,4122,HR1,10.49.0.104,9042.079830646515,752343,188,20,b815bb28,0,2651392,752343,46920.972,6.005,2337.748,6.952,30.96129032258065,17.599999999999994,0.0,4.999999873689376e-05,225102180.0,0.000156537,225102180.0,0.00074682274,0.0015277369,0.74964285,0.0
-273958.5696360158,-1244217.7246356474,-574342.5009104867,998.0,2,4000,False,756343,751,189,2dcd34d4f71a4f9a8717755113320812,2023-05-19_18-45-59,1684536359,49.337770223617554,9091.417600870132,4122,HR1,10.49.0.104,9091.417600870132,756343,189,20,b815bb28,0,2663296,756343,46883.744,6.166,2331.149,7.408,33.170422535211266,17.59999999999999,0.0,4.999999873689376e-05,79068050.0,-0.00053546025,79068050.0,0.0007264031,3.44274e-05,0.75319934,0.0
-273958.5696360158,-1244217.7246356474,-595703.0077231899,998.0,10,4000,False,760343,761,190,2dcd34d4f71a4f9a8717755113320812,2023-05-19_18-46-51,1684536411,51.59500288963318,9143.012603759766,4122,HR1,10.49.0.104,9143.012603759766,760343,190,20,b815bb28,0,2672384,760343,46866.386,6.374,2347.352,7.607,34.66575342465753,17.590410958904105,0.0,4.999999873689376e-05,99541680.0,-0.0013228595,99541680.0,0.0011829465,0.00047089826,0.7561847,0.0
-273958.5696360158,-1244217.7246356474,-598376.0400750127,998.0,2,4000,False,764343,763,191,2dcd34d4f71a4f9a8717755113320812,2023-05-19_18-47-41,1684536461,50.13720083236694,9193.149804592133,4122,HR1,10.49.0.104,9193.149804592133,764343,191,20,b815bb28,0,2687104,764343,46991.152,6.74,2327.454,7.75,24.45555555555556,17.599999999999998,0.0,4.999999873689376e-05,23854814.0,-0.0006311683,23854816.0,0.0072748084,0.00084630895,0.74239254,0.0
-273958.5696360158,-1244217.7246356474,-598652.5252357214,998.0,5,4000,False,768343,768,192,2dcd34d4f71a4f9a8717755113320812,2023-05-19_18-48-32,1684536512,51.200554847717285,9244.35035943985,4122,HR1,10.49.0.104,9244.35035943985,768343,192,20,b815bb28,0,2701440,768343,47063.638,6.583,2319.453,7.963,27.86849315068493,17.595890410958898,0.0,4.999999873689376e-05,77330690.0,-0.0008021425,77330690.0,0.0015827055,0.0007571348,0.7243876,0.0
-273958.5696360158,-1244217.7246356474,-597768.4360525078,998.0,1,4000,False,772343,769,193,2dcd34d4f71a4f9a8717755113320812,2023-05-19_18-49-17,1684536557,44.11263823509216,9288.462997674942,4122,HR1,10.49.0.104,9288.462997674942,772343,193,20,b815bb28,0,2719360,772343,47069.276,6.456,2311.633,8.205,30.73174603174603,17.59999999999999,0.0,4.999999873689376e-05,129884424.0,-0.0024179064,129884424.0,0.0012890773,0.003764484,0.6756834,0.0
-273958.5696360158,-1244217.7246356474,-599401.2839088216,998.0,2,4000,False,776343,771,194,2dcd34d4f71a4f9a8717755113320812,2023-05-19_18-50-07,1684536607,50.187084674835205,9338.650082349777,4122,HR1,10.49.0.104,9338.650082349777,776343,194,20,b815bb28,0,2730496,776343,47168.425,6.388,2289.694,8.113,33.14444444444444,17.599999999999998,0.0,4.999999873689376e-05,70902840.0,-0.0021177381,70902840.0,0.00089519256,0.0030520095,0.6410209,0.0
-273958.5696360158,-1244217.7246356474,-603727.4161229829,998.0,10,4000,False,780343,781,195,2dcd34d4f71a4f9a8717755113320812,2023-05-19_18-50-58,1684536658,51.04412269592285,9389.6942050457,4122,HR1,10.49.0.104,9389.6942050457,780343,195,20,b815bb28,0,2739840,780343,47025.615,6.431,2307.674,8.337,34.50136986301371,17.59041095890411,0.0,4.999999873689376e-05,116359990.0,-0.00034171194,116359990.0,0.0009799477,0.0006616024,0.63423693,0.0
-273958.5696360158,-1244217.7246356474,-599492.9527582123,998.0,2,4000,False,784343,783,196,2dcd34d4f71a4f9a8717755113320812,2023-05-19_18-51-48,1684536708,49.960248708724976,9439.654453754425,4122,HR1,10.49.0.104,9439.654453754425,784343,196,20,b815bb28,0,2754048,784343,47026.565,6.29,2290.522,8.074,24.62676056338028,17.59999999999999,0.0,4.999999873689376e-05,27346562.0,-0.0023718,27346562.0,0.006240332,0.005387732,0.65107363,0.0
-273958.5696360158,-1244217.7246356474,-603102.8817019707,998.0,5,4000,False,788343,788,197,2dcd34d4f71a4f9a8717755113320812,2023-05-19_18-52-38,1684536758,50.538217067718506,9490.192670822144,4122,HR1,10.49.0.104,9490.192670822144,788343,197,20,b815bb28,0,2768512,788343,46859.937,6.16,2284.668,7.941,28.19861111111111,17.599999999999998,0.0,4.999999873689376e-05,92018750.0,-7.170023e-05,92018750.0,0.0014129365,0.00028784896,0.6295917,0.0
-273958.5696360158,-1244217.7246356474,-601474.6792051995,998.0,1,4000,False,792343,789,198,2dcd34d4f71a4f9a8717755113320812,2023-05-19_18-53-23,1684536803,44.69036841392517,9534.883039236069,4122,HR1,10.49.0.104,9534.883039236069,792343,198,20,b815bb28,0,2787072,792343,46985.4,5.766,2254.127,8.116,30.278125000000003,17.599999999999998,0.0,4.999999873689376e-05,132746290.0,-0.00050962484,132746290.0,0.001216581,0.0020877395,0.6378094,0.0
-101501.23751137021,-1244217.7246356474,-595443.5035203539,990.91,3,4000,False,796343,792,199,2dcd34d4f71a4f9a8717755113320812,2023-05-19_18-54-14,1684536854,51.31587815284729,9586.198917388916,4122,HR1,10.49.0.104,9586.198917388916,796343,199,20,b815bb28,0,2799104,796343,47189.375,5.608,2248.747,7.942,32.33972602739726,17.599999999999998,0.0,4.999999873689376e-05,86394330.0,-0.001092702,86394330.0,0.0009236906,0.0013114805,0.63566786,0.0
-101501.23751137021,-1244217.7246356474,-594607.5781508652,990.91,10,4000,False,800343,802,200,2dcd34d4f71a4f9a8717755113320812,2023-05-19_18-55-06,1684536906,51.32914471626282,9637.528062105179,4122,HR1,10.49.0.104,9637.528062105179,800343,200,20,b815bb28,0,2808064,800343,47161.26,5.655,2250.095,7.663,33.867123287671234,17.5931506849315,0.0,4.999999873689376e-05,99437304.0,-0.0011220988,99437304.0,0.0015567004,0.0011317352,0.6672318,0.0
